name,price,composition,age,category,gender,description,url,scrapped-at
Casaco Infantil Menina Estampa Dino Color – Tam.1 a 10 anos,"109,95",CASACO EM MOLETINHO 98% ALGODÃO E 2% POLIÉSTER,Criança - 1 a 10 Anos,"L, Regata e Bata",Meninas,"""Blusa de manga longa, confeccionado em malha. Ideal para looks de inverno super estilosos! A Blusa Manga Longa Dino Color é confeccionado em malha, 100% algodão, confortável e quentinho. A peça possui uma linda estampa de dinossauros coloridos e mangas roxas. A blusa é super charmosa e fica lindo com calças e leggins em dias mais frios.""",https://www.alphabeto.com/blusa-m-l-dino-color-55675/p,11-04-2022
Casaco Infantil Menina Borboletinha – Tam. 1 a 10 anos – Preto,"229,95",CASACO EM TECIDO 100% POLIÉSTER,Criança - 1 a 10 Anos,"Casacos, Jaquetas, Blazers, Capas, Kimonos, Casaquetos e Coletes",Meninas,"""Casaco cinza / preto, confeccionado em tecido sintético. Ideal para dias de chuva! O Casaco Borboletinha é confeccionado em tecido 100% poliéster, com acabamento impermeável, ideal para dias frios e chuvosos. A peça é confortável, bem fofinha e quentinha para agasalhar as pequenas, possui elástico regulável nas barras para um melhor ajuste no corpo das pequenas. Além disso, o casaco possui zíper rosa e um lindo detalhe de borboleta emborrachado. O casaco está disponível nas cores: cinza e preto.""",https://www.alphabeto.com/casaco-avulso-55837/p,11-04-2022
Blusa Infantil Menina Bosque Alegre – Tam.10 a 16 anos – Rosa,"89,95",BLUSA EM MALHA 95% ALGODÃO E 5% POLIÉSTER,Miniteen - 10 a 14 Anos,"L, Regatas e Batas",Meninas,"""Blusa rosa com manga curta, confeccionada em malha. Perfeita para o dia a dia das meninas! A Blusa Bosque Alegre é super estilosa e promete encantar as meninas! Confeccionada em malha rosa, a peça possui detalhe bordado, super colorido. Além disso a blusinha conta com manguinhas curtas e é super fresquinha!""",https://www.alphabeto.com/blusa-m-c-bosque-alegre-55532/p,11-04-2022
Body Infantil Menina Borboleta – Tam.0 a 3 meses – Branco,"59,95",BODY DE MANGA LONGA EM MALHA 100% ALGODÃO,Bebês - 0 a 12 Meses,Bodies,Meninas,"""Body de manga comprida branco, para recém nascidos. Confeccionado em meia malha 100% algodão, ideal para compor looks com shortinhos, calças e saias. Os Bodies são peças fundamentais no guarda-roupa dos pequenos. Lisos ou estampados, são perfeitos para combinar com outras peças de roupa, e super versáteis durante todas as estações do ano. E o Body Manga Longa Borboletinha é confeccionado em malha branca 100% algodão, super confortável e macio ao toque dos bebês. A peça possui detalhe metálico de coração no busto e pompons rosa no decote. O que garante a proteção e aconchego das princesinhas durante os dias mais frios.""",https://www.alphabeto.com/body-m-l-borboletinha-55718/p,11-04-2022
Casaco Infantil Menina Estampa Minha Casinha– Tam. 3 a 12 meses,"129,95",CASACO EM PLUSH 100% POLIÉSTER,Bebês - 0 a 12 Meses,"Casacos, Casaquetos e Jaquetas",Meninas,"Casaco infantil estampa “Minha Casinha” para bebês meninas de 3 a 12 meses, confeccionado em Plush 100% poliéster. Colorido e despojado, o casaco infantil “Minha Casinha” possui zíper frontal e detalhe de laço nos ombrinhos. Além disso, é quentinho, confortável e acrescenta muita fofura aos looks, sendo o complemento perfeito para o visual das princesinhas. Sua confecção em plush garante que as pequenas fiquem aquecidas e estilosas em um único look. Opção perfeita para os dias mais frios!",https://www.alphabeto.com/casaco-minha-casinha-55522/p,11-04-2022
Conjunto Infantil Menina Pense Positivo - Tam. 10 a 16 anos - Cinza,"139,95","VESTIDO CANELADO 63% POLIÉSTER, 33% VISCOSE E 4% ELASTANO E BLUSA EM COTTON 96% POLIÉSTER E 4% ELASTANO",Miniteen - 10 a 14 Anos,Conjuntos e Kits,Meninas,"Conjunto infantil de vestido e blusa estampada ""Pense Positivo"" para meninas de 10 a 16 anos, confeccionado em poliéster e cotton. A peça é ideal para passeios com a família e amigos! O Conjunto infantil ""Pense Positivo"" é composto por um vestido infantil canelado cinza, com estampa localizada no busto e uma linda blusinha de cotton estampada colorida, com manguinha de tela, super estilosa. O Conjunto infantil é uma graça, além das peças poderem ser usadas separadamente.",https://www.alphabeto.com/conjunto-pense-positivo-55324/p,11-04-2022
Short Infantil Colorido Menina Pense Positivo - Tam. 10 a 16 anos - Tie Dye,"139,95",SHORT EM PLUSH 100% POLIÉSTER,Miniteen - 10 a 14 Anos,"Shorts, Saias, Shorts-Saias e Bermudas",Meninas,"Short infantil estampado colorido ""Pense Positivo"" para meninas de 10 a 16 anos , confeccionado em plush, ideal para o inverno! O Short infantil Pense Positivo é a peça ideal para o dia a ida das meninas. A peça é confeccionada em plush, 100% poliéster, com estampa colorida, super quentinho e confortável. Além disso, o short infantil possui detalhe de listras na lateral e cós de elástico. O shortinho fica lindo com casaquinhos e blusas.",https://www.alphabeto.com/short-pense-positivo-55326/p,11-04-2022
Blusa M/c Jardim de Borboletas,"89,95",BLUSA EM MALHA 50% ALGODÃO E 50% POLIÉSTER,Miniteen - 10 a 14 Anos,"L, Regatas e Batas",Meninas,"""Blusa cinza mescla, de manga curta. Confeccionada em malha, perfeita para o dia a dia das meninas! A Blusa Jardim de Borboletas é super estilosa e promete encantar as meninas! Confeccionada em malha cinza mescla, a peça tem estampa bordada charmosa, com detalhe em alto relevo. Além disso a blusinha possui manguinhas curtas e recorte transpassado nas costas, super estiloso!""",https://www.alphabeto.com/blusa-m-c-jardim-de-borboletas-55318/p,11-04-2022
Conjunto Joaninha,"41,97",M G EX REGATA E SHORT EM POPELINE 100% ALGODÃO,Meninas,Meninas,OFF,"O Conjunto Joaninha chegou voando e encantando a todos por onde passa! Composto por um shortinho estampado de popeline com elástico na cintura e nas perninhas, super confortável para as pequenas, e uma regatinha de tecido 100% algodão com estampa localizada de joaninha no centro da peça, muito fofa!",https://www.alphabeto.com/conjunto-joaninha-54473/p,11-04-2022
,,,,,,,https://www.alphabeto.com/almofada-castelo-de-boneca-55436/p,11-04-2022
Blusa M/c Borboleta Voa Voa,"69,95",BLUSA EM MALHA 95% ALGODÃO E 5% POLIÉSTER,Criança - 1 a 10 Anos,"L, Regata e Bata",Meninas,"""Blusa rosa com estampa localizada. Confeccionada em malha, ideal para o dia a dia das pequenas! A Blusa Borboleta Voa Voa é confeccionada em malha rosa, confortável e macia, com uma linda estampa localizada e detalhe de asa em alto relevo. Além disso, a blusinha possui decote redondo e manguinhas 3/4 amplas, deixando a peça mais quentinha e estilosa. A blusa fica linda combinada com leggings e casaquinhos, perfeita para o inverno!""",https://www.alphabeto.com/blusa-m-c-borboleta-voa-voa-55381/p,11-04-2022
Calça Pop,"64,97",,Miniteen - 10 a 14 Anos,"Calças, Leggings e Capris",Meninas,"Uma linda calça jeans, moderna e estilosa, com bolsos e cintura em elástico para dar maior conforto.",https://www.alphabeto.com/calca-pop-53433/p,11-04-2022
Batinha Fadinhas,"44,97",,Criança - 1 a 10 Anos,Vestidos,Meninas,Batinha com estampa colorida e detalhe vazado nos ombros.,https://www.alphabeto.com/batinha-fadinhas-53393/p,11-04-2022
Vestido Borboletinha,,,Criança - 1 a 10 Anos,Vestidos,Meninas,"Vestido soltinho com manguinhas largas, ombros vazados e borboletas estampadas por todo o vestido.",https://www.alphabeto.com/vestido-borboletinha-53390/p,11-04-2022
Body M/c o Elefantinho,,,Bebês - 0 a 12 Meses,Bodies,Meninas,Um body super lindinho liso com mangas vazadas e aplicação de lacinhos coloridos nas pontas.,https://www.alphabeto.com/body-m-c-o-elefantinho-53288/p,11-04-2022
Macaquinho,,,Criança - 1 a 10 Anos,Conjuntos e Kits,Meninas,"Macaquinho colorido e fofo com estampa de unicórnio e castelos, com babadinho no decote e aplicação de pompons nas pontas.",https://www.alphabeto.com/macaquinho-54766/p,11-04-2022
Casaco,,,Criança - 1 a 10 Anos,"Casacos, Jaquetas, Blazers, Capas, Kimonos, Casaquetos e Coletes",Meninas,Casaco quentinho com estampa fofa.,https://www.alphabeto.com/casaco-53447/p,11-04-2022
Legging,,,Criança - 1 a 10 Anos,"Calça, Leggings e Capris",Meninas,Legging xadrez para deixar o look mais fofo!,https://www.alphabeto.com/legging-53413/p,11-04-2022
Legging,,,Criança - 1 a 10 Anos,"Calça, Leggings e Capris",Meninas,Legging com estampa fofa.,https://www.alphabeto.com/legging-53412/p,11-04-2022
Blusa M/c,,,Criança - 1 a 10 Anos,"L, Regata e Bata",Meninas,Blusa com detalhe fofo de arco íris!,https://www.alphabeto.com/blusa-m-c-53456/p,11-04-2022
Macaquinho,,,Criança - 1 a 10 Anos,Conjuntos e Kits,Meninas,"Macaquinho fofo com estampa colorida de meninas e flores, com babadinho no decote e pompons aplicados nas pontas.",https://www.alphabeto.com/macaquinho-54764/p,11-04-2022
Blusa M/l,,,Criança - 1 a 10 Anos,"L, Regata e Bata",Meninas,Blusa de manga comprida e detalhe de lhama. Um amor!,https://www.alphabeto.com/blusa-m-l-53458/p,11-04-2022
Vestido,,,Criança - 1 a 10 Anos,Vestidos,Meninas,"Vestido fofo com estampa de balinhas, mangas ciganinhas e alças fininhas com laço.",https://www.alphabeto.com/vestido-54779/p,11-04-2022
Vestido,,,Criança - 1 a 10 Anos,Vestidos,Meninas,Vestido com detalhe em babadinhos no decote e saia colorida com estampas étnicas.,https://www.alphabeto.com/vestido-54790/p,11-04-2022
Vestido,,,Criança - 1 a 10 Anos,Vestidos,Meninas,"Vestido fofo com saída rodada, detalhes vazes e lacinhos aplicados nas laterais.",https://www.alphabeto.com/vestido-54763/p,11-04-2022
Short Arara Azul,,,Miniteen - 10 a 14 Anos,"Shorts, Saias, Shorts-Saias e Bermudas",Meninas,Bermuda para as meninas que amam conforto e estilo na cor laranja que é tendência.,https://www.alphabeto.com/short-arara-azul-53257/p,11-04-2022
Pimpão,,,Bebês - 0 a 12 Meses,"Macacão, Pimpão, Macaquinho, Jardineira e Jumper",Meninas,Pimpão fofinho com mini borboletas em sua estampa e parte superior listradinha. Possui abotoamento entrepernas.,https://www.alphabeto.com/pimpao-53340/p,11-04-2022
Bolsa o Elefantinho,,,Criança - 1 a 10 Anos,Acessórios,Meninas,Uma linda bolsinha em formato de elefantinho e alça colorida.,https://www.alphabeto.com/bolsa-o-elefantinho-53302/p,11-04-2022
Blusa M/c o Elefantinho,,,Criança - 1 a 10 Anos,"L, Regata e Bata",Meninas,Blusa estilo canelada com detalhe fofo bordado no centro: uma linda indiana com sua roupinha estampada.,https://www.alphabeto.com/blusa-m-c-o-elefantinho-53285/p,11-04-2022
Arco 2 Em 1 o Elefantinho,,,Criança - 1 a 10 Anos,Acessórios,Meninas,"Uma opção fofa de presente, um lindo arco que vem com lacinho que sua pequena pode usar separado do arquinho, 2 presentes fofos em 1.",https://www.alphabeto.com/arco-2-em-1-o-elefantinho-53301/p,11-04-2022
Short Saia Tudo Cor de Rosa,,,Criança - 1 a 10 Anos,Shorts-Saia,Meninas,Short saia jeans para as meninas que amam saias mas também amam shortinhos.,https://www.alphabeto.com/short-saia-tudo-cor-de-rosa-53408/p,11-04-2022
Conjunto Fadinhas,,,Meninas,Meninas,OFF,Conjunto confortável e quentinho composto por blusa de manga comprida e legging estampada.,https://www.alphabeto.com/conjunto-fadinhas-53400/p,11-04-2022
Conjunto Borboletinha,,,Criança - 1 a 10 Anos,Conjuntos e Kits,Meninas,"Conjunto confortável para as meninas, com blusa estampada com borboletas e legging jeans lisa.",https://www.alphabeto.com/conjunto-borboletinha-53391/p,11-04-2022
Casaco Tudo Cor de Rosa,"44,97",,Bebês - 0 a 12 Meses,"Casacos, Casaquetos e Jaquetas",Meninas,Casaco fofinho com detalhes bordados no bolso e botões no decote.,https://www.alphabeto.com/casaco-tudo-cor-de-rosa-53410/p,11-04-2022
,,,,,,,https://www.alphabeto.com/blusa-m-l-53459/p,11-04-2022
Vestido Tudo Cor de Rosa,,,Criança - 1 a 10 Anos,Vestidos,Meninas,Vestido rodado com estampa colorida de mini fadas e detalhe de lacinho aplicado no decote.,https://www.alphabeto.com/vestido-tudo-cor-de-rosa-53404/p,11-04-2022
,,,,,,,https://www.alphabeto.com/short-saia-tudo-cor-de-rosa-53405/p,11-04-2022
Casaco Fadinhas,"49,97",,Criança - 1 a 10 Anos,"Casacos, Jaquetas, Blazers, Capas, Kimonos, Casaquetos e Coletes",Meninas,Casaco quentinho e confortável com mangas bufantes e mini pompons aplicados nos botões.,https://www.alphabeto.com/casaco-fadinhas-53398/p,11-04-2022
Macaquinho,,,Criança - 1 a 10 Anos,Conjuntos e Kits,Meninas,"Macaquinho fofo com estampa de borboletas coloridas, com babadinho no decote e aplicação de pompons nas pontas.",https://www.alphabeto.com/macaquinho-54768/p,11-04-2022
Elástico de Cabelo Magic Color,"14,97",,Miniteen - 10 a 14 Anos,Acessórios,Meninas,"Elástico com lacinho, faixas e estampa colorida e divertida.",https://www.alphabeto.com/elastico-de-cabelo-magic-color-53353/p,11-04-2022
Casaco Doce Algodão,"59,97","CASACO EM MATELASSÊ 77% POLIÉSTER, 20% ALGODÃO E 3% ELASTANO.",Meninas,Meninas,OFF,"Casaco delicado e fofo, em matelassê, com abotoamento no corpo, bordado nas costas e aplicação de pompons.",https://www.alphabeto.com/casaco-doce-algodao-52056/p,11-04-2022
Arco Cajuzinho,"19,97",,Miniteen - 10 a 14 Anos,Acessórios,Meninas,"Arco larguinho estilo turbante com um lindo laço, estampado com flores e pequenos cajuzinhos.",https://www.alphabeto.com/arco-cajuzinho-53346/p,11-04-2022
Jardineira Oncinha,"94,97",JARDINEIRA DE JEANS 77% ALGODÃO 20% POLIÉSTER E 3% ELASTANO,Meninas,Meninas,OFF,Conforto e estilo andam de mãos dadas nesse jardineira incrível e com o toque do jeans que nunca sai de moda!,https://www.alphabeto.com/jardineira-oncinha-51969/p,11-04-2022
Jaqueta Colorsaura,"74,97",JAQUETA EM SARJA 98% POLIÉSTER E 2% ELASTANO,Meninas,Meninas,OFF,"Jaqueta para as meninas que amam rosa, com botões no corpinho, babadinhos no colo e detalhes fofos e bordados frente e costas.",https://www.alphabeto.com/jaqueta-colorsaura-54113/p,11-04-2022
Casaco Basico Divertido,"59,97",CASACO EM MOLETINHO 100% ALGODÃO,Meninas,Meninas,OFF,"Casaco quentinho com abertura em zíper, capuz e detalhes bordados no corpinho.",https://www.alphabeto.com/casaco-basico-divertido-54143/p,11-04-2022
Casaco Basico Divertido,"34,97",CASACO EM MOLETINHO 100% ALGODÃO,Meninas,Meninas,OFF,Casaco quentinho e confortável com detalhes bordados que encantam.,https://www.alphabeto.com/casaco-basico-divertido-54142/p,11-04-2022
Conjunto Peixe Flora,"47,97",e BATA EM POPELINE 100% ALGODÃO E SHORT EM TECIDO 100% ALGODÃO,Meninas,Meninas,OFF,"O Conjunto Peixe e Flora era a peça que faltava no guarda-roupa das pequenas! Superconfortável e versátil, o conjuntinho é composto por um linda batinha estampada com lacinhos nas alças e um shortinho leve com elástico no cós. O conjuntinho é a opção perfeita para dias mais quentes e brincadeiras com os amiguinhos!",https://www.alphabeto.com/conjunto-peixe-flora-54688/p,11-04-2022
Blusa Uv Moda Praia,"53,97",P M e G BLUSA EM LYCRA UV 90% POLIÉSTER E 10% ELASTANO,Meninas,Meninas,OFF,"A Blusa UV Polvinhos é perfeita para as princesas curtirem os dias de sol com mais segurança. Suas mangas longas e tecnologia de proteção contra raios UV garantem proteção às pequenas, permitindo brincadeiras até nos dias mais quentes!",https://www.alphabeto.com/blusa-uv-moda-praia-54751/p,11-04-2022
Conjunto Sereinha,"53,97",RN BODY E SHORT EM 1/2 MALHA 100% ALGODÃO,Meninas,Meninas,OFF,"Direto do Fundo do mar, cheio de cor e fofura, o Conjunto Sereinha chegou para animar todas as pequeninas! Confeccionado em meia malha 100% algodão, o conjunto possui duas peças: um body bordado de sereia super fofo com abotoamento entrepernas e um shortinho estampado com elástico no cós, muito soltinho e confortável. Uma fofura!",https://www.alphabeto.com/conjunto-sereinha-54704/p,11-04-2022
Conjunto a Casinha,"41,97",e REGATA E SHORT EM POPELINE 100% ALGODÃO https//vimeo.com/605859631,Meninas,Meninas,OFF,"O Conjunto A Casinha era a peça que faltava no guarda-roupa das pequenas! Super confortável e versátil, o conjuntinho é composto por um linda regatinha branca , estampada com casinhas e um shortinho de popeline, com elástico no cós. O conjuntinho é uma opção perfeita para dias mais quentes e brincadeiras com os amiguinhos!",https://www.alphabeto.com/conjunto-a-casinha-54692/p,11-04-2022
,,,,,,,https://www.alphabeto.com/almofada-fadinhas-53423/p,11-04-2022
Conjunto a Casinha,"59,97","1, 2, 3, 4, 5, 6, 8 e 10 anosBLUSA E BERMUDA EM MALHA 100% ALGODÃO",Meninas,Meninas,OFF,"Super colorido e divertido, o Conjunto A Casinha é perfeito para o dia a dia das pequenas! Confeccionada em malha 100% algodão, o conjuntinho é composto por duas peças. Uma blusinha cinza com estampa localizada e uma bermuda estampada com elástico na cintura, uma fofura!",https://www.alphabeto.com/conjunto-a-casinha-54690/p,11-04-2022
Short Borboleta Voa Voa,"99,95","SHORT EM MATELASSE 20% ALGODÃO, 77% POLIÉSTER E 3% ELASTANO",Criança - 1 a 10 Anos,"Shorts, Saias, Shorts-Saia e Bermudas",Meninas,"""Short preto com babado. Confeccionado em matelasse, ideal para brincadeiras com os amiguinhos e passeios em família! Confortável e estiloso, o Short Borboleta Voa Voa é confeccionado em tecido matelasse preto, com detalhe transpassado e aplicação emborrachada de laço na barra. Além disso, a peça conta com elástico no cós, o que traz conforto e liberdade para as pequenas realizarem sua tarefas e brincadeiras do melhor jeito possível!""",https://www.alphabeto.com/short-borboleta-voa-voa-55380/p,11-04-2022
Bata Lhama Love,"109,95",BATA EM TECIDO 100% VISCOSE,Criança - 1 a 10 Anos,"L, Regata e Bata",Meninas,"""Bata azul, com babado e botões. Confeccionada em viscose, ideal para finais de semana! Charmosa e estilosa, a Bata Lhama Love fica perfeita quando combinada com shortinhos e saias! A peça é confeccionada em viscose, com aparência e cor de jeans, e possui babadinhos no decote. Além disso a batinha possui detalhe de lhama e botões de madeira por todo seu comprimento!""",https://www.alphabeto.com/bata-lhama-love-55390/p,11-04-2022
Short Jardim de Borboletas,"149,95","10 a 12 anos, SHORT EM TECIDO 98% ALGODÃO E 2% ELASTANO",Miniteen - 10 a 14 Anos,"Shorts, Saias, Shorts-Saias e Bermudas",Meninas,"""Short rosa, confeccionado em sarja com elastano. Ótimo para dias mais quentes! O Short Jardim de Borboletas é confeccionado em sarja rosa, com bolsos frontais e posteriores. A peça também possui botão de metal e passador de cinto. Super confortável e versátil, o shortinho fica perfeito com blusinhas e regatas, perfeito para passeios com os amigos!""",https://www.alphabeto.com/short-jardim-de-borboletas-55319/p,11-04-2022
Body M/c Lhama Love,"69,95",BODY EM 1/2 MALHA 100% ALGODÃO,Bebês - 0 a 12 Meses,Bodies,Meninas,"""Body de meia manga branco. Confeccionado em meia malha 100% algodão, ideal para compor looks com shortinhos, calças e saias. Os Bodies são peças fundamentais no guarda-roupa dos pequenos. Lisos ou estampados, são perfeitos para combinar com outras peças de roupa, e super versáteis durante todas as estações do ano. E o Body Lhama Love conta com abotoamento entrepernas e maguinha recortada, com detalhes de lacinhos rosas. Super confortável e macio ao toque dos bebês, o que garante a proteção e aconchego das princesinhas durante o dia todo. Além de ser uma ótima dica de presente para as pequeninas!""",https://www.alphabeto.com/body-m-c-lhama-love-55392/p,11-04-2022
Conjunto Borboleta Voa Voa,"149,95",CONJUNTO DE VESTIDO E CALCINHA EM POPELINE 100% ALGODÃO,Bebês - 0 a 12 Meses,Conjuntos e Kits (exceto Conj.Vestido e Calcinha),Meninas,"""Conjunto de Vestido e calcinha rosa, estampado, confeccionado em popeline. O Conjunto Borboleta Voa Voa é perfeito para ocasiões especiais! O conjunto é composto por um lindo vestidinho estampado colorido e uma calcinha de mesma estampa com elástico no cós. As peças são confeccionadas em popeline, e o vestido possui modelagem godê e manguinhas com detalhes de lacinhos, o que acrescenta charme à peça. O conjunto é super confortável e versátil para a rotina dos bebês.""",https://www.alphabeto.com/conjunto-borboleta-voa-voa-55385/p,11-04-2022
Vestido Castelo de Boneca,"169,95",VESTIDO JEANS 33% ALGODÃO E 67% VISCOSE,Criança - 1 a 10 Anos,Vestidos,Meninas,"""Vestido com botões. Confeccionado em tecido jeans, perfeito para passeios com a família! Muito charmoso, o Vestido Castelo de Bonecas, chegou para alegrar o guarda-roupa das pequenas! A peça é confeccionada em jeans molinho e confortável, com meia manga e gola esporte, o vestidinho é elegante e possui um ótimo caimento. Além de possuir botões de pressão frontais por todo comprimento e bolsinho com bordado no busto.""",https://www.alphabeto.com/vestido-castelo-de-boneca-55373/p,11-04-2022
Conjunto Castelo de Boneca,"139,95",CONJUNTO DE VESTIDO E CALCINHA EM POPELINE 100% ALGODÃO,Bebês - 0 a 12 Meses,Conjuntos e Kits (exceto Conj.Vestido e Calcinha),Meninas,"""Conjunto de Vestido e calcinha rosa, estampado, confeccionado em popeline. O Conjunto Castelo de Boneca é perfeito para ocasiões especiais! O conjunto possui um lindo vestidinho estampado em tons de rosa e uma calcinha de mesma estampa com elástico no cós. As peças são confeccionadas em popeline, e o vestido possui modelagem godê e manguinhas com detalhes de lacinhos, o que acrescenta charme à peça. O vestido possui abotoamento nas costas e um lindo detalhe de laço na cintura.""",https://www.alphabeto.com/conjunto-castelo-de-boneca-55377/p,11-04-2022
Conjunto Borboleta Voa Voa,"149,95",VESTIDO EM MALHA 67% ALGODÃO E 33% POLIÉSTER E VESTIDO EM TULE 100% POLIÉSTER,Criança - 1 a 10 Anos,Conjuntos e Kits,Meninas,"""Conjunto de vestido duplo preto e cinza. Confeccionado em tule, com forro de malha, perfeito para curtir finais de semana! O Conjunto Borboleta Voa Voa é composto por dois vestidos: um vestidinho de meia manga de malha cinza e um vestido amplo de alcinhas de tule preto, com detalhe bordado no busto. O vestido cinza serve como forro para o vestido preto de tule, deixando o look super charmoso.""",https://www.alphabeto.com/-conjunto-borboleta-voa-voa-55383/p,11-04-2022
Vestido Borboleta Voa Voa,"189,95",VESTIDO COM PALA FRENTE 97% POLIÉSTER E 3% ELASTANO E O RESTANTE EM POPELINE 100% ALGODÃO,Criança - 1 a 10 Anos,Vestidos,Meninas,"""Vestido com estampa colorida, confeccionado em popeline. Perfeito para finais de semana com a família! Cheio de Charme, o Vestido Borboleta Voa Voa promete transformar as pequenas em verdadeiras princesas! Com estampa colorida de borboleta, a peça possui modelagem evasê e detalhe de borboleta e laço no busto. O vestidinho é confeccionado em popeline 100% algodão, possui manguinhas amplas e decote coração, muito confortável e estiloso!""",https://www.alphabeto.com/vestido-borboleta-voa-voa-55378/p,11-04-2022
Pimpão Infantil Menina Estampa Batendo Asas – Tam. 3 a 12 meses – Rosa,"89,95",PIMPÃO 1/2 MALHA 100% ALGODÃO,Bebês - 0 a 12 Meses,"Macacão, Pimpão, Macaquinho, Jardineira e Jumper",Meninas,"Pimpão infantil rosa para bebês meninas de 3 a 12 meses, confeccionado em ½ malha 100% algodão. ideal para o dia a dia das pequeninas! Uma fofura, o pimpão infantil “Batendo Asas” possui estampa rosa de borboletas, manguinhas curtas e modelagem soltinha, que permite que as pequenas brinquem e engatinhem com todo conforto. Além disso, a peça conta com abotoamento entrepernas e detalhes de babadinhos na cintura, o que acrescenta charme à peça! Sua confecção em 1/2 malha 100% algodão proporciona leveza e conforto, sendo a opção perfeita para dias mais quentes. Fofura e conforto em um único look!",https://www.alphabeto.com/pimpao-batendo-asas-55501/p,11-04-2022
Blusa Infantil Menina Pense Positivo - Tam. 10 a 16 anos - Cinza,"89,95",BLUSA EM MALHA 95% ALGODÃO E 5% POLIÉSTER,Miniteen - 10 a 14 Anos,"L, Regatas e Batas",Meninas,"Blusa infantil cinza ""Pense Positivo"" para meninas de 10 a 16 anos, confeccionada em malha 95% algodão e 5% poliéster. Ideal para dias mais fresquinhos! A Blusa infantil ""Pense Positivo"" é confeccionada em malha cinza, com estampa localizada em silk de unicórnio e manguinhas 3/4 com recorte nas laterais. A peça possui modelagem ampla e fica ótima com shortinhos e calças. A blusinha é versátil e super estilosa!",https://www.alphabeto.com/blusa-m-c-pense-positivo-55327/p,11-04-2022
Conjunto Infantil Menina Estampa Arcos e Raposinhas – Tam.0 a 3 meses,"119,95",CONJUNTO EM 1/2 MALHA 100% ALGODÃO,Bebês - 0 a 12 Meses,Conjuntos e Kits (exceto Conj.Vestido e Calcinha),Meninas,"Conjunto infantil de casaco e calça “Arcos e Raposinhas” para bebês meninas recém-nascidas, confeccionado em ½ malha 100% algodão. Muito fofo e colorido, o conjunto infantil “Arcos e Raposinhas” é composto por duas peças: um casaco infantil rosa com estampa de raposinha e abotoamento frontal, e uma calça infantil branca com estampa colorida, elástico no cós e com pezinhos reversíveis. A confecção em 100% algodão deste conjunto infantil garante o máximo de conforto para as princesinhas, sendo muito gostosinho de vestir. Uma fofura!",https://www.alphabeto.com/conjunto-arcos-e-raposinhas-55548/p,11-04-2022
Arco Infantil para Cabelo Estampa Batendo Asas – Tam. U – Rosa,"49,95",UARCO EM TECIDO 100% POLIÉSTER,Criança - 1 a 10 Anos,Acessórios,Meninas,"Arco infantil rosa para cabelo “Batendo Asas”, confeccionado em microfibra 100% poliéster, em tamanho único. Meigo e colorido, o arco infantil “Batendo Asas” faz parte dos nossos acessórios que encantam! Possui estampa superfofa na cor rosa e amarração em laço no topo. Este arco infantil rosa é perfeito para complementar o look das princesas, sendo também uma ótima dica de presente. Uma graça!",https://www.alphabeto.com/arco-batendo-asas-55562/p,11-04-2022
Arco Infantil para Cabelo Estampa Laços e Gatinhos – Tam. U – Azul,"49,95",UARCO EM TECIDO 97% POLIÉSTER E 3% ELASTANO,Criança - 1 a 10 Anos,Acessórios,Meninas,"Arco infantil para cabelo estampa “Laços e Gatinhos”, confeccionado em tecido 97% poliéster e 3% elastano, tamanho único. Com tecido em toque acetinado, o arco infantil “Laços e Gatinhos” possui estampa fofa na cor azul e detalhe de gatinho rosa no topo. Superestiloso e chique, este arco infantil faz parte dos nossos acessórios que encantam, sendo perfeito para complementar o look das bonecas e também uma ótima opção para presentear. Uma fofura!",https://www.alphabeto.com/arco-lacos-e-gatinhos-55558/p,11-04-2022
Vestido Infantil Estampa Batendo Asas – Tam.1 a 10 anos – Rosa,"129,95",VESTIDO EM 1/2 MALHA 100% ALGODÃO,Criança - 1 a 10 Anos,Vestidos,Meninas,"Vestido infantil rosa “Batendo Asas” para meninas de 1 a 10 anos, confeccionado em ½ malha 100% algodão. O vestido infantil “Batendo Asas” possui uma linda estampa rosa de borboletas, botões no decote e elástico abaixo do busto. O lookinho também possui alcinhas de fita rosa brilhosa, que podem ser ajustadas da melhor forma no corpinho das pequenas. Além disso, sua confecção em 1/2 malha 100% algodão proporciona leveza e conforto, sendo a opção perfeita para dias mais quentes e de muitas brincadeiras.",https://www.alphabeto.com/vestido-batendo-asas-55499/p,11-04-2022
Vestido Infantil Estampa Laços e Gatinhos – Tam.1 a 10 anos – Azul,"149,95",VESTIDO EM POPELINE 100% ALGODÃO,Criança - 1 a 10 Anos,Vestidos,Meninas,"Vestido infantil azul “Laços e Gatinhos” para meninas de 1 a 10 anos, confeccionado em popeline 100% algodão. Perfeito para passeios com a família e brincadeiras com os amigos! O vestido infantil “Laços e Gatinhos” é uma fofura! Com estampa delicada e detalhe de lacinho na cintura, o vestidinho faz sucesso por onde passa. Além disso, sua confecção em popeline 100% algodão apresenta tecido fresquinho e confortável. O vestido infantil também possui manguinhas curtas que dão todo o charme ao look.",https://www.alphabeto.com/vestido-lacos-e-gatinhos-55496/p,11-04-2022
Vestido Infantil Colorido Estampa Dançando na Chuva – Tam.1 a 10 anos,"129,95",VESTIDO EM POPELINE 100% ALGODÃO,Criança - 1 a 10 Anos,Vestidos,Meninas,"Vestido infantil colorido “Dançando na Chuva” para meninas de 1 a 10 anos, confeccionado em popeline 100% algodão. O vestido infantil “Dançando na Chuva” possui uma linda estampa colorida em tons de rosa, amarelo e azul, apresenta alcinhas com amarração que podem ser ajustadas da melhor forma no corpinho das pequenas. Além disso, este vestido infantil conta com decote V e elástico nas costas, deixando a peça ainda mais confortável para as meninas brincarem e se divertirem! Sua confecção em popeline 100% algodão apresenta tecido fresquinho e confortável, sendo perfeito para os dias mais quentes e passeios ao ar livre. Muito fofo!",https://www.alphabeto.com/vestido-dancando-na-chuva-55502/p,11-04-2022
Arco Infantil para Cabelo Estampa Um Passeio pelo Bosque – Tam. U,"49,95",UARCO EM TECIDO 100% POLIÉSTER,Miniteen - 10 a 14 Anos,Acessórios,Meninas,"Arco infantil azul para cabelo estampa “Um Passeio pelo Bosque”, confeccionado em tecido 100% poliéster. Acessórios que encantam! O arco infantil “Um Passeio pelo Bosque” possui uma estampa fofa e delicada com um lindo laço no topo. Um ótimo acessório para complementar o look das meninas, pois dá um toque moderno, tornando-os ainda mais charmosos. Também é uma ótima dica de presente para as amiguinhas. Elas vão amar!",https://www.alphabeto.com/arco-um-passeio-pelo-bosque-55343/p,11-04-2022
Blusa Infantil Menina Um Passeio pelo Bosque – Tam.10 a 16 anos – Branco,"69,95",BLUSA EM MALHA 65% POLIÉSTER E 35% VISCOSE,Miniteen - 10 a 14 Anos,"L, Regatas e Batas",Meninas,"Blusa infantil branca “Um Passeio pelo Bosque” para meninas de 10 a 16 anos, confeccionada em malha 65% poliéster e 36% viscose. A blusa infantil “Um Passeio pelo Bosque” possui estampa escrita com detalhe em alto relevo, decote reto e manguinhas amplas. A confecção em malha com viscose desta blusa infantil proporciona conforto e leveza ao usar, sendo ideal para usar no dia a dia. Um opção superestilosa que promete encantar as meninas!",https://www.alphabeto.com/blusa-m-c-um-passeio-pelo-bosque-55339/p,11-04-2022
Conjunto Infantil Menina Estampa Florindo – Tam. 3 a 12 meses,"99,95",CONJUNTO EM 1/2 MALHA 100% ALGODÃO,Bebês - 0 a 12 Meses,Conjuntos e Kits (exceto Conj.Vestido e Calcinha),Meninas,"Conjunto infantil de blusa de manga comprida e calça estampa “Florindo” para bebês meninas de 3 a 12 meses, confeccionado em ½ malha 100% algodão. Cheio de cor e vida, o conjunto infantil “Florindo” é composto por duas peças lindas: uma blusa infantil branca de manga comprida com estampa em alto relevo de bonequinhas e uma calça infantil com elástico no cós em uma linda estampa floral. Sua confecção em ½ malha 100% algodão apresenta toque macio e suave, garantindo o máximo de conforto para as princesinhas. Uma opção estilosa e quentinha para as pequeninas se movimentarem bastante!",https://www.alphabeto.com/conjunto-florindo-55485/p,11-04-2022
Blusa Infantil Menina Estampa Florindo – Tam.1 a 10 anos – Rosa,"89,95",BLUSA COM FRENTE EM MALHA 50% ALGODÃO E 50% POLIÉSTER E O RESTANTE EM POPELINE 100% ALGODÃO,Criança - 1 a 10 Anos,"L, Regata e Bata",Meninas,"Blusa infantil rosa estampa “Florindo” para meninas de 1 a 10 anos, com frente confeccionada em malha 50% algodão e 50% poliéster e restante em popeline 100% algodão. A blusa infantil “Florindo” possui estampa frontal de bonequinhas, manga e costas estampadas. A peça também conta com modelagem soltinha, tecido leve e fresco. Sucesso entre as meninas, esta blusa infantil é perfeita para passeios aos finais de semana e saídas com as amiguinhas. Muito estilo e conforto em um único look!",https://www.alphabeto.com/blusa-m-c-florindo-55489/p,11-04-2022
Arco Infantil para Cabelo Estampa Florindo – Tam. U,"49,95",UARCO EM TECIDO 100% POLIÉSTER,Criança - 1 a 10 Anos,Acessórios,Meninas,"Arco infantil verde para cabelo estampa “Florindo”, confeccionado em tecido 100% poliéster, tamanho único. O arco infantil “Florindo” é o acessório perfeito para os looks das princesinhas! Com uma linda estampa floral, detalhe de bonequinha e pompons no topo, o arco adiciona charme e delicadeza na hora de compor o look das pequeninas. Além disso, este arco infantil é uma ótima opção para presentear uma amiguinha também. Elas vão amar!",https://www.alphabeto.com/arco-florindo--55559/p,11-04-2022
Calça Infantil Menina Estampa Florindo – Tam. 1 a 10 anos,"129,95",CALÇA EM MOLETINHO 98% POLIÉSTER E 2% ELASTANO,Criança - 1 a 10 Anos,"Calça, Leggings e Capris",Meninas,"Calça infantil estampa “Florindo” para meninas de 1 a 10 anos, confeccionada em moletinho 98% poliéster e 2% elastano. Bem quentinha! A calça infantil “Florindo” possui modelagem soltinha, elástico e babadinho no cós e detalhe de amarração no tornozelo. Além disso, esta calça infantil possui um estampa floral delicada e colorida. Uma opção perfeita para o conforto das meninas, pois sua confecção em moletinho permite leveza e maleabilidade ao usar. Estilo e fofura em uma única peça!",https://www.alphabeto.com/calca-florindo-55836/p,11-04-2022
Blusa Infantil Menina Estampa Minha Casinha – Tam. 1 a 10 anos – Preto,"119,95",BATA EM 1/2 MALHA 100% ALGODÃO,Criança - 1 a 10 Anos,"L, Regata e Bata",Meninas,"Blusa infantil estampa “Minha Casinha” para meninas de 1 a 10 anos, confeccionada em ½ malha 100% algodão. Com uma estampa alegre e colorida, a blusa infantil “Minha Casinha” possui gola redonda, modelagem soltinha e manga ¾ com barra em babadinho, deixando a peça ainda mais delicada e charmosa. Além disso, esta blusa infantil é ideal para usar em dias mais fresquinhos. Sua confecção em ½ malha 100% algodão proporciona toque macio e conforto ao usar. A opção perfeita para as pequeninas que priorizam conforto e estilo em um único look.",https://www.alphabeto.com/bata-minha-casinha-55515/p,11-04-2022
Casaco Infantil Listrado Menina Estampa Borboleta – Tam.0 a 3 meses,"89,95",CASACO EM MALHA 100% ALGODÃO,Bebês - 0 a 12 Meses,"Casacos, Casaquetos e Jaquetas",Meninas,"""Casaco listrado branco e preto, para bebês. Confeccionado em malha, ideal para o inverno! O Casaco Borboletinha é o complemento perfeito para o visual das pequenas! Cheio de charme e delicadeza, ele acrescenta muita personalidade aos looks das pequeninas e fica perfeito com vestidinhos e bodies. A peça possui um lindo detalhe de borboleta no busto, abotoamento com botões de pressão e é confeccionado em malha, 100% algodão, quentinho e confortável.""",https://www.alphabeto.com/casaco-borboletinha-55716/p,11-04-2022
Jardineira Infantil Menina Estampa Borboleta – Tam.0 a 3 meses – Rosa,"129,95",JARDINEIRA EM MATELASSÊ 100% POLIÉSTER,Bebês - 0 a 12 Meses,"Macacão, Pimpão, Macaquinho, Jardineira e Jumper",Meninas,"""Jardineira para recém nascidos, confeccionada em malha estampada rosa. Ideal para passeios ao ar livre e dias fresquinhos! As jardineiras são ótimas peças para dias mais fresquinhos, já que podem ser facilmente combinadas com bodies de manga e casaquinhos. Além, disso, são extremante confortáveis e garantem a liberdade do bebê na hora da brincadeira. Por ser peça única, as jardineiras são práticas e ficam ótimas em qualquer ocasião. A Jardineira Borboletinha é confeccionada em matelassê rosa estampado, e possui lindo detalhe de borboletinha no busto. Além de abotoamento entrepernas e nas alcinhas, o que facilita a vestimenta dos pequeninos.""",https://www.alphabeto.com/jardineira-borboletinha-55719/p,11-04-2022
Casaco Infantil Menina Lhama Lhaminha – Tam. 1 a 10 anos – Rosa,"109,95","CASACO EM MOLETINHO 66,6% ALGODÃO E 33,4% POLIÉSTER",Criança - 1 a 10 Anos,"Casacos, Jaquetas, Blazers, Capas, Kimonos, Casaquetos e Coletes",Meninas,"""Casaco rosa, confeccionado em moletinho. Ideal para looks de inverno super estilosos! O Casaco Lhama Lhaminha é confeccionado em moletinho rosa, confortável e quentinho. A peça possui um lindo bordado na frente, com mangas folgadinhas. O casaquinho é super charmoso e fica lindo com calças e leggins em dias mais frios.""",https://www.alphabeto.com/casaco-lhama-lhaminha-55644/p,11-04-2022
Calça Infantil Listrada Menina Estampa Borboleta – Tam.0 a 3 meses,"69,95",CALÇA EM MALHA 100% ALGODÃO,Bebês - 0 a 12 Meses,Calças e Leggings,Meninas,"""Calça listrada preta e branca, para recém nascidos. Confeccionada em meia malha, 100% algodão, perfeita para o inverno! A Calça Borboletinhas é perfeita para dias mais frios, a peça é confeccionada em malha, 100% algodão, com estampa listrada e pezinhos fechados. A calça conta também, com detalhe de borboletinha nos joelhos e elástico no cós. A peça é confortável e super quentinha, ótima para recém nascidos!""",https://www.alphabeto.com/calca-borboletinha-55717/p,11-04-2022
Vestido Infantil Estampa Bosque Alegre – Tam.10 a 16 anos – Amarelo,"159,95",VESTIDO EM VESTIDO EM TECIDO 100% POLIÉSTER E DETALHE EM TELA 96% POLIÉSTER E 4% ELASTANO,Miniteen - 10 a 14 Anos,Vestidos,Meninas,"""Vestido estampado amarelo, confeccionado em poliéster. Peça perfeita para passeios com a família e amigos! O Vestido Bosque Alegre é uma graça! A peça possui estampa amarela de cogumelos, com detalhe em tela na parte superior, com aplicações. O vestido possui modeagem soltinha, com mangas amplas e babadinhos na barra. Além disso, o vestido é confeccionado em tecido de poliéster, super levinho e confortável!""",https://www.alphabeto.com/vestido-bosque-alegre-55529/p,11-04-2022
Arco Infantil para Cabelo Estampa Fofura em Quadrinhos – Tam. U,"49,95",UARCO EM TECIDO 100% POLIÉSTER,Miniteen - 10 a 14 Anos,Acessórios,Meninas,"""Arco estampado, confeccionado em tecido sintético. Ideal para presentear as meninas! O Arco Fofura em Quadrinhos é o acessório perfeito para as meninas. A tiara possui nó no topo e base larga confeccionada em tecido 100% poliéster, dando um toque moderno a qualquer look!""",https://www.alphabeto.com/arco-fofura-em-quadrinhos-55684/p,11-04-2022
Casaco Infantil Listrado Menina Fofura em Quadrinhos – Tam.1 a 10 anos,"109,95",CASACO EM MALHA 100% ALGODÃO,Criança - 1 a 10 Anos,"Casacos, Jaquetas, Blazers, Capas, Kimonos, Casaquetos e Coletes",Meninas,"""Casaco com estampa listrada preta e branca, confeccionado em malha. Ideal para looks de inverno super estilosos! O Casaco Fofura em Quadrinhos é confeccionado em malha, 100% algodão, confortável e quentinho. A peça possui uma linda estampa listrada e detalhe em alto relevo na frente. O casaquinho é super charmoso e fica lindo com calças e leggins em dias mais frios.""",https://www.alphabeto.com/casaco-fofura-em-quadrinhos-55657/p,11-04-2022
Calça Legging Infantil Menina Fofura em Quadrinhos – Tam.1 a 10 anos – Rosa,"89,95","LEGGING EM MALHA 34% ALGODÃO, 62% POLIÉSTER E 4% ELASTANO",Criança - 1 a 10 Anos,"Calça, Leggings e Capris",Meninas,"""Legging rosa, confeccionado em malha rosa. Ideal para dias mais frios! A Legging Fofura em Quadrinhos é confeccionada em malha na cor rosa, com elástico no cós. A peça conta também com detalhes de lacinho na cintura, além de possuir modelagem justinha, confortável e quentinha.""",https://www.alphabeto.com/legging-fofura-em-quadrinhos-55659/p,11-04-2022
Short Saia Infantil Menina EstampaDino Color – Tam. 1 a 10 anos,"109,95",SHORTSAIA EM POPELINE 100% ALGODÃO,Criança - 1 a 10 Anos,"Shorts, Saias, Shorts-Saia e Bermudas",Meninas,"""Short Saia confeccionado em popeline, versátil e divertido, para o guarda-roupa das meninas! Confortável e estiloso, o Short Saia Dino Color é ótimo para o dia a dia das pequenas! A peça é confeccionada em popeline, 100% algodão, com estampa de dinossauros coloridos. Além disso, o short saia conta com elástico no cós, o que traz conforto e liberdade para as pequenas realizarem sua tarefas e brincadeiras do melhor jeito possível!""",https://www.alphabeto.com/short-saia-dino-color-55678/p,11-04-2022
Blusa Infantil Menina Dino Color – Tam. 1 a 10 anos – Branco,"79,95",BLUSA EM FRENTE E COSTAS EM 1/2 MALHA 100% ALGODÃO E MANGAS EM TELA 96% POLIÉSTER E 4% ELASTANO,Criança - 1 a 10 Anos,"L, Regata e Bata",Meninas,"""Blusa de meia manga, confeccionada em malha branca. Ideal para looks criativos e estilosos! A Blusa Dino Color é confeccionada em malha, 100% algodão, com estampa frontal escrita e manguinhas em tela, super estilosa. A peça é confortável e fica linda com shortinhos e calça de todas as cores.""",https://www.alphabeto.com/blusa-m-c-dino-color-55676/p,11-04-2022
Casaco Infantil Menina Cogumelos – Tam. 1 a 10 anos – Cinza,"99,95",CASACO EM MOLETINHO 98% ALGODÃO E 2% POLIÉSTER,Criança - 1 a 10 Anos,"Casacos, Jaquetas, Blazers, Capas, Kimonos, Casaquetos e Coletes",Meninas,"""Casaco cinza, confeccionado em moletinho. Ideal para aquecer as pequenas em dias mais frios! O Casaco Cogumelos é lindo! A peça é confeccionada em malha cinza, confeccionada em moletinho, com bordado de bonequinha no busto. A peça também possui elástico colorido na barra e nas manguinhas. O casaco fica lindo com calças e leggings!""",https://www.alphabeto.com/casaco-cogumelos-55667/p,11-04-2022
Calça Infantil Jeans Menina Cogumelos – Tam.1 a 10 anos,"129,95","CALÇA JEANS 86% ALGODÃO, 12% POLIÉSTER E 2% ELASTANO",Criança - 1 a 10 Anos,"Calça, Leggings e Capris",Meninas,"""Calça modelo jogger, confeccionada em jeans. Ideal para dias mais frios e looks super estilosos! A Calça Cogumelos é confeccionada em jeans, super leve e confortável. A peça possui modelagem jogger, que possui elástico na barra e no cós. A calça é estilosa e super confortável, sucesso entre as meninas. Além disso, a peça possui cadarço, bolsos frontais e detalhe de cogumelo aplicado.""",https://www.alphabeto.com/calca-cogumelos-55671/p,11-04-2022
Jardineira Infantil Menina Estampa Dino Color – Tam.1 a 10 anos,"149,95",JARDINEIRA EM POPELINE 100% ALGODÃO,Criança - 1 a 10 Anos,"Macacão, Macaquinho, Jardineiras, Jumpers e Salopetes",Meninas,"""Jardineira com estampa colorida. Confeccionada em popeline, ideal para brincadeiras ao ar livre! A Jardineira Dino Color possui estampa linda de dinossauros, com muita cor e alegria. A peça é confeccionada em popeline, 100% algodão, e possui modelagem reta, soltinha e confortável. Além disso, a jardineira conta com bolsos e detalhe de coração no busto, uma fofura!""",https://www.alphabeto.com/jardineira-dino-color-55677/p,11-04-2022
Vestido Infantil Colorido Estampa Fofura em Quadrinhos – Tam. 1 a 10 anos,"129,95",VESTIDO EM PARTE DE CIMA EM MALHA 100% ALGODÃO E PARTE DE BAIXO EM POPELINE 100% ALGODÃO,Criança - 1 a 10 Anos,Vestidos,Meninas,"""Vestido estampado, confeccionado em algodão. Ideal para passeios com a família e amiguinhos! O Vestido Fofura em Quadrinhos é lindo! A peça possui modelagem ampla, com manguinhas curtas e decote redondo. O vestido conta com busto confeccionado em malha listrada preta e branca, com estampa localizada e saia estampada super colorida em popeline, 100% algodão.""",https://www.alphabeto.com/vestido-fofura-em-quadrinhos-55656/p,11-04-2022
Casaco,,,Criança - 1 a 10 Anos,"Casacos, Jaquetas, Blazers, Capas, Kimonos, Casaquetos e Coletes",Meninas,Casaco quentinho com detalhe de lacinhos nos ombros e etiqueta termocolante na lateral.,https://www.alphabeto.com/casaco-53300/p,11-04-2022
Pijama,,,Criança - 1 a 10 Anos,Pijamas,Meninas,Pijama estampado e com mangas longas. Ótimo para dormir nos dias mais frios.,https://www.alphabeto.com/pijama-53303/p,11-04-2022
,,,,,,,https://www.alphabeto.com/pijama-53294/p,11-04-2022
Pijama,,,Criança - 1 a 10 Anos,Pijamas,Meninas,Pijama estampado e com mangas longas. Ótimo para dormir nos dias mais frios.,https://www.alphabeto.com/pijama-53304/p,11-04-2022
Pijama,,,Criança - 1 a 10 Anos,Pijamas,Meninas,Pijama estampado e com mangas longas. Ótimo para dormir nos dias mais frios.,https://www.alphabeto.com/pijama-53305/p,11-04-2022
Legging,,,Criança - 1 a 10 Anos,"Calça, Leggings e Capris",Meninas,Legging estampada para as meninas arrasarem no look!,https://www.alphabeto.com/legging-53315/p,11-04-2022
,,,,,,,https://www.alphabeto.com/bermuda-pirate-game-55458/p,11-04-2022
Casaco Infantil Menino Carro de Corrida – Tam. 1 a 10 anos – Azul,"129,95",CASACO EM MALHA 100% ALGODÃO,Bebês - 0 a 12 Meses,Casacos e Jaquetas,Meninos,"Casaco infantil azul estampa “Carro de Corrida” para meninos de 3 a 12 meses, confeccionado em malha 100% algodão. O casaco infantil “Carro de Corrida” é muito quentinho e confortável. Possui capuz, barra em elástico, zíper frontal e bordado de carrinhos ao centro. Detalhes que trazem muito estilo e diferencial para a peça. Sua confecção em malha é ideal para o conforto do bebê, deixando os pequenos aquecidos e estilosos em um único look. Opção perfeita para os dias mais frios!",https://www.alphabeto.com/casaco-carro-de-corrida-55419/p,11-04-2022
Conjunto Infantil Menino Estampa Puiu – Tam.0 a 3 meses – Azul,"119,95",CONJUNTO EM 1/2 MALHA 100% ALGODÃO,Bebês - 0 a 12 Meses,Conjuntos e Kits,Meninos,"Conjunto infantil de casaco e calça “Piui Bichinho” para bebês recém-nascidos, confeccionado em ½ malha 100% algodão. Colorido e alegre, o conjunto infantil “Puiu Bichinho” é composto por duas peças: um casaquinho infantil branco com estampa de bichinhos e abotoamento frontal, e uma calça infantil azul com elástico no cós e estampa de coala nos pezinhos. Com confecção em malha 100% algodão, este conjunto infantil possui toque macio e suave, proporcionando o máximo de conforto as pequenos príncipes!",https://www.alphabeto.com/conjunto-puiu-bichinho-55544/p,11-04-2022
Camiseta Infantil Menino Big Dino – Tam.10 a 16 anos – Azul,"79,95",CAMISETA EM MALHA 95% ALGODÃO E 5% POLIÉSTER,Miniteen - 10 a 14 Anos,L,Meninos,"""Camiseta azul com estampa localizada. Confeccionada em malha, versátil para o guarda-roupa dos meninos. A Camiseta Big Dino é confeccionada em malha 95% algodão na cor azul e estampa localizada de dinossauro. Além disso, a peça possui decote em V e tecido fresquinho, a opção perfeita para o dia a dia dos meninos e fica linda com bermudinhas e calças.""",https://www.alphabeto.com/camiseta-m-c-avulso-55615/p,11-04-2022
Conjunto Pijama Infantil Menino Estampa Avião Listrinhas – Tam.1 a 10 anos,"109,95",PIJAMA EM 1/2 MALHA 100% ALGODÃO,Criança - 1 a 10 Anos,Pijamas,Meninos,"""Conjunto de Pijama composto por calça e blusa, confeccionado em malha. Perfeito para as noites de sono dos pequeninos! O Pijama Avião Listrinhas é o conjuntinho é ideal para os pequenos curtirem suas noites de sono com muito aconchego e conforto. O pijaminha é composto por uma blusa de mangas longas, confeccionada em malha 100% algodão, com estampa listrada de aviãozinhos e uma calça também de malha, de mesma estampa com elástico no cós. O conjunto é uma graça, além de ser uma ótima dica de presente para os pequeninos!""",https://www.alphabeto.com/conj-pijama-avulso-55470/p,11-04-2022
Camiseta Infantil Manga Longa Menino Estampa Listras – Tam. 10 a 16 anos – Cinza,"109,95","CAMISETA EM MANGA LONGA COM PARTE DE BAIXO EM 1/2 MALHA FLAMÊ 100% ALG. E RESTANTE EM MOLETINHO 66,6% ALG. E 33,4% POLIÉSTER",Miniteen - 10 a 14 Anos,L,Meninos,"""Camiseta de manga longa listrada, confeccionada em malha. Ideal para dias mais frios! A Camiseta Listras é confeccionada em malha flamê, com estampa listrada das cores azul marinho e branco. A peça possui mangas longas e costas na cor cinza, além de detalhe de bolsinho caramelo em camurça no busto. A camiseta é ótima para dias mais frios e fica lindo com calças e casacos!""",https://www.alphabeto.com/camiseta-m-l-avulso-55618/p,11-04-2022
Conjunto Infantil Menino Robozinho Feliz – Tam.3 a 12 meses,"99,95",CONJUNTO EM CAMISETA EM 1/2 MALHA 100% ALGODÃO E CALÇA EM MOLETINHO 100% ALGODÃO,Bebês - 0 a 12 Meses,Conjuntos e Kits,Meninos,"""Conjunto para bebês, composto de blusa verde e calça estampada. Confeccionado em algodão, ideal para o inverno! O Conjunto Robozinho Feliz é composto por duas peças: uma blusa de manga comprida verde com estampa de robozinho em silk, e uma calça estampada, com elástico no cós. As peças do conjunto são confeccionadas em malha, 100% algodão, garantindo o máximo de conforto e aconchego para os pequenos!""",https://www.alphabeto.com/conjunto-avulso-55473/p,11-04-2022
Camiseta Infantil Menino Videogame – Tam.10 a 16 anos – Vermelho,"69,95",CAMISETA EM MALHA 50% ALGODÃO E 50% POLIÉSTER,Miniteen - 10 a 14 Anos,L,Meninos,"""Camiseta vermelha com estampa localizada. Confeccionada em malha, ideal para passeios com a família e amigos! Essa camiseta é perfeita para os fãs de videogame! Confeccionada em malha vermelha, a peça possui estampa localizada de games, em alto relevo. A camiseta fica ótima quando combinada com bermudas e calças!""",https://www.alphabeto.com/camiseta-m-c-avulso-55612/p,11-04-2022
Camiseta Infantil Menino Street – Tam.10 a 16 anos – Branco,"69,95",CAMISETA EM 1/2 MALHA FLAMÊ 100% ALGODÃO,Miniteen - 10 a 14 Anos,L,Meninos,"""Camiseta branca com estampa localizada. Confeccionada em malha falmê, ideal para o dia a dia dos meninos! A Camiseta Street é confeccionada em malha falmê branca, 100% algodão, com estampa localizada de skate. A peça combina muito bem com bermudas e calças e pode ser usada durante todas as estações do ano. A camiseta possui decore redondo e é super confortável, ideal para os meninos nesta idade.""",https://www.alphabeto.com/camiseta-m-c-avulso-55614/p,11-04-2022
,,,,,,,https://www.alphabeto.com/camiseta-m-c-avulso-55454/p,11-04-2022
Camiseta Infantil Menino Caminhão Colorido - Tam. 1 a 10 anos - Azul/Amarelo,"49,95",CAMISETA EM 1/2 MALHA 100% ALGODÃO,Criança - 1 a 10 Anos,L,Meninos,"Camiseta infantil “Caminhão Colorido” para meninos de 1 a 10 anos, confeccionada em ½ malha 100% algodão, disponível nas cores azul e amarelo. A camiseta infantil “Caminhão Colorido” possui meia manga, gola redonda, modelagem reta e silk de caminhão com carrinhos, que deixa o look dos meninos mais colorido. Uma ótima opção para o dia a dia dos pequenos, pois sua confecção em malha 100% algodão possui tecido leve e toque macio, proporcionando conforto para as brincadeiras dos meninos. Perfeita para dias de muita diversão e passeios ao ar livre!",https://www.alphabeto.com/camiseta-caminhao-colorido-55277/p,11-04-2022
Macacão Brincadeira Arqueológica,"109,95",MACACÃO EM 1/2 MALHA 100% ALGODÃO,Bebês - 0 a 12 Meses,"Macacão, Pimpão, Jardineira e Macaquinho",Meninos,"""Macacão para bebês listrado. Confeccionado em meia malha. Perfeito para o dia a dia dos bebês! O Macacão Brincadeira Arqueológica é a peça que faltava no guarda-roupa dos pequenos. Confeccionado em meia malha, 100% algodão, o macacão possui estampa de listras cinza e detalhe de dinossauro bordado. A peça também conta com a manguinhas curtas e gola polo, além de abotoamento entre pernas e detalhe de botões no decote, o que garante o conforto e praticidade na hora de vestir os pequenos.""",https://www.alphabeto.com/macacao-brincadeira-arqueologica--55412/p,11-04-2022
Sunga Moda Praia Robô Listrinhas,"89,95",SUNGA EM LYCRA 90% POLIÉSTER E 10% ELASTANO,Criança - 1 a 10 Anos,"Moda Praia (Sunga P-M-G e GG, Blusa UV PP ao GG)",Meninos,"""Sunga estampada azul, confeccionada em lycra. Ideal para piscinas e praias! A Sunga Robô Listrinhas é perfeita para dias de sol e brincadeiras na praia. Ideal para tornar o banho de mar e piscina dos pequenos ainda mais divertidos. A peça possui modelagem boxer, com estampa de robô, em tons de azul, super fofa e elástico no cós. Além disso, a sunga acompanha embalagem exclusiva e super prática para guardar a peça!""",https://www.alphabeto.com/sunga-moda-praia-robo-listrinhas-55431/p,11-04-2022
Sunga Moda Praia,"47,97",SUNGA EM LYCRA 90% POLIÉSTER E 10% ELASTANO,Criança - 1 a 10 Anos,"Moda Praia (Sunga P-M-G e GG, Blusa UV PP ao GG)",Meninos,"""Sunga para bebês e crianças, confeccionada em lycra, com estampa colorida de carrinhos. Perfeita para os pequenos aproveitarem dias de sol na praia e na piscina! A Sunga Carrinhos Coloridos, chegou para garantir estilo na hora de ir à praia ou na piscina! A peça possui modelagem boxer e é confeccionada em lycra com elastano, que garante o conforto dos pequenos. Além disso, a sunga acompanha embalagem exclusiva e super prática para guardar a peça!""",https://www.alphabeto.com/sunga-moda-praia-55163/p,11-04-2022
Conjunto robozinho Esperto,"53,97",e CAMISETA EM 1/2 MALHA 100% ALGODÃO E BERMUDA EM TECIDO 100% ALGODÃO,Bebês - 0 a 12 Meses,Conjuntos e Kits,Meninos,"O Conjunto Robozinho Esperto é o look perfeito para o dia a dia dos pequenos! O conjuntinho é composto por uma linda blusinha amarela com estampa de robozinho, confeccionada em malha, e uma bermuda de poliéster estampada com elástico no cós, super confortável e ótima para atividades ao ar livre!",https://www.alphabeto.com/conjunto-robozinho-esperto-55096/p,11-04-2022
Jardineira Ursinho Pirata,"59,97",JARDINEIRA EM TECIDO 100% VISCOSE,Bebês - 0 a 12 Meses,Conjuntos e Kits,Meninos,"Fofinha e divertida, a Jardineira Ursinho Pirata é perfeita para dias mais fresquinhos! A peça é confeccionada em viscose e possui estampa localizada de ursinho, além de um lindo bolsinho no centro da peça. A jardineira é versátil e fica perfeita combinada com blusinhas e bodys. Além disso, a peça possui abotoamento entre pernas e nas alças, o que garante conforto e praticidade ao vestir o bebê.",https://www.alphabeto.com/jardineira-ursinho-pirata-55263/p,11-04-2022
Camiseta com Bolsinho,"53,97",1/2 malha 100% algodão,Miniteen - 10 a 14 Anos,L,Meninos,"""Camiseta 100% algodão com decote V e bolsinho. Estampa moderninha.""",https://www.alphabeto.com/camiseta-com-bolsinho--55103/p,11-04-2022
Camiseta com decote diferenciado,"47,97",Malha 95% algodao 5% poliéster,Miniteen - 10 a 14 Anos,L,Meninos,"""Camiseta com decote diferenciado e bolsinho estampado. Opção para os meninos mais moderninho.""",https://www.alphabeto.com/camiseta-com-decote-diferenciado--55104/p,11-04-2022
Camiseta com decote V,"41,97",Malha 50% algodao 50% poliéster,Miniteen - 10 a 14 Anos,L,Meninos,Camiseta com decote V e estampa com manobras de skate.,https://www.alphabeto.com/camiseta-com-decote-v--55108/p,11-04-2022
Camiseta com silk radical,"41,97",Malha 100% algodão,Miniteen - 10 a 14 Anos,L,Meninos,"""Camiseta com silk radical. Malha 100% algodão para maior conforto.""",https://www.alphabeto.com/camiseta-com-silk-radical--55107/p,11-04-2022
Regata com bolsinho,"35,97",Malha 95% algodão 5% poliéster,Miniteen - 10 a 14 Anos,Regatas,Meninos,"""Regata com bolsinho para aquele look de verão. Modelo confortável para os meninos teens.""",https://www.alphabeto.com/regata-com-bolsinho-55097/p,11-04-2022
Regata chumbo,"35,97",50% algodão 50% poliéster,Miniteen - 10 a 14 Anos,Regatas,Meninos,"""Regata chumbo com silk. Malha leve e fresquinha.""",https://www.alphabeto.com/regata-chumbo--55098/p,11-04-2022
Kit C/2 Babadores Dinos Coloridos,"41,97",UKIT C/2 BABADORES EM 1/2 MALHA 100% ALGODÃO,Bebês - 0 a 12 Meses,Conjuntos e Kits,Meninos,"Os babadores são acessórios indispensáveis nos primeiros dias de vida dos bebês, e por esse motivo eles devem ser divertidos e estilosos! Confeccionados em malha 100% algodão, o Kit C/ 2 Babadores Dinos Coloridos, é perfeito para proteger a roupinha dos bebês após as mamadas e refeições, com muito charme. Os itens possuem modelagem bandana com fechamento por botões posteriores. Além disso, o kit é composto por um babador verde com detalhes de dinossauros e outro com estampa colorida, também de dinossauro.",https://www.alphabeto.com/kit-c-2-babadores-dinos-coloridos-55093/p,11-04-2022
Macacão Ursinho Pirata,"53,97",MACACÃO EM 1/2 MALHA 100% ALGODÃO E DETALHES EM TECIDO 100% VISCOSE,Bebês - 0 a 12 Meses,"Macacão, Pimpão, Jardineira e Macaquinho",Meninos,"Charmoso e estiloso, o Macacão Ursinho Pirata é a peça perfeita para os primeiros dias de vida dos pequenos! Super prática, a peça é confeccionada em malha 100% algodão, com estampa de listras coloridas. Além disso, o macacão possui bolsinho e gola polo em viscose, o que dá um charme a mais na peça.",https://www.alphabeto.com/macacao-ursinho-pirata-55262/p,11-04-2022
Body Dinos Coloridos,"41,97",BODY EM 1/2 MALHA 100% ALGODÃO,Bebês - 0 a 12 Meses,Bodies,Meninos,"O Body Dinos coloridos é aquela peça coringa, indispensável no guarda-roupa dos pequenos! A peça possui gola polo com fechamento por pequenos botões e detalhe de dinossauro na parte superior. O body é confeccionado em meia malha 100% algodão, super confortável, além de ser versátil e combinar muito bem com calças e bermudinhas.",https://www.alphabeto.com/body-dinos-coloridos-55091/p,11-04-2022
Jardineira Dinos Coloridos,"77,97",e JARDINEIRA COM PARTE DE CIMA EM POPELINE 100% ALGODÃO E PARTE DE BAIXO EM TECIDO 100% ALGODÃO,Bebês - 0 a 12 Meses,Conjuntos e Kits,Meninos,"A Jardineira Dinos Coloridos é uma fofura! Confeccionada em tecido 100% algodão, molinho e confortável, a jardineira é sucesso entre os pequenos! A peça é super versátil e fica linda, quando combinada com outras roupinhas. Além disso, a jardineira conta com detalhe de dinossauro, botões metálicos no busto, bolsinhos frontais e abotoamento entrepernas, garantindo conforto e o melhor ajuste possível no corpinho dos pequenos.",https://www.alphabeto.com/jardineira-dinos-coloridos-55090/p,11-04-2022
Bermuda Dinos Coloridos,"47,97",BERMUDA EM SARJA 100% ALGODÃO,Bebês - 0 a 12 Meses,Bermudas e Shorts,Meninos,"A Bermuda Dinos Coloridos era a peça que faltava no guarda-roupa dos pequenos! Além de linda, a bermudinha é super versátil e combina com diversas outras peças de roupa também. É confeccionada em sarja, na cor branca e possui cós com elástico. Além disso, a peça conta com bolsinho lateral e cinto decorativo, dando um toque a mais de estilo à peça!",https://www.alphabeto.com/bermuda-dinos-coloridos-55092/p,11-04-2022
Chapéu Uv Moda Praia,"65,97",CHAPÉU UV EM LYCRA 90% POLIÉSTER E 10% ELASTANO,Criança - 1 a 10 Anos,"Moda Praia (Sunga P-M-G e GG, Blusa UV PP ao GG)",Meninos,Chapéu com proteção UV para meninos brincarem muito em dias de sol.,https://www.alphabeto.com/chapeu-uv-moda-praia-54994/p,11-04-2022
Sunga Moda Praia,"53,97",SUNGA EM LYCRA 90% POLIÉSTER E 10% ELASTANO,Criança - 1 a 10 Anos,"Moda Praia (Sunga P-M-G e GG, Blusa UV PP ao GG)",Meninos,Sunga com estampa divertida com jacarezinho e detalhe em 3D que brinca com a criança.,https://www.alphabeto.com/sunga-moda-praia-54996/p,11-04-2022
Regata Dino,"29,97",REGATA EM MALHA 95% ALGODÃO E 5% POLIÉSTER,Criança - 1 a 10 Anos,Regatas,Meninos,"Básica e super versátil, a Regata Dino é ideal para montar looks a cara do verão! Confeccionada em malha, a peça é fresquinha e possui um lindo bolsinho com detalhe de dinossauro no canto superior. Além disso, a regatinha é uma ótima dica de presente para os pequenos!",https://www.alphabeto.com/regata-dino-54949/p,11-04-2022
Regata Fundo do Mar,"29,97",REGATA EM 1/2 MALHA 100 % ALGODÃO,Criança - 1 a 10 Anos,Regatas,Meninos,"A Regata Fundo do Mar é divertida e versátil! Confeccionada em malha, 100% algodão, a peça possui estampa de bichinhos do mar em silk com cores vibrantes. Além disso, a peça fica ótima com bermudinhas e calças, e pode ser uma ótima dica de presente também!",https://www.alphabeto.com/regata-fundo-do-mar-54950/p,11-04-2022
Conjunto Monstrinho,"53,97",REGATA EM 1/2 MALHA 100% ALGODÃO E SHORT EM TECIDO 100% POLIÉSTER,Criança - 1 a 10 Anos,Jardineira e Macacão,Meninos,"O Conjunto Monstrinho é perfeito para passeios e brincadeiras com os amigos! Composto por um short de poliéster, com elástico na cintura e uma regata de malha com estampa de monstrinho azul, o conjuntinho chegou para alegrar o guarda-roupa dos pequenos!",https://www.alphabeto.com/conjunto-monstrinho-55032/p,11-04-2022
Conjunto Dog,"47,97",CONJUNTO COM CAMISETA EM MALHA 99% ALGODÃO E 1% POLIÉSTER E BERMUDA EM TECIDO 100% VISCOSE,Bebês - 0 a 12 Meses,Conjuntos e Kits,Meninos,"""Conjunto de camiseta e bermuda para bebês, nas cores branco e azul. Perfeito para o dia a dia dos pequeninos! O conjunto é uma ótima opção para os pequenos de todas as idades, mas especialmente para os bebês. Além de facilitar os papais e mamães na escolha da roupinha, os conjuntinhos da Alphabeto são estilosos e garantem o conforto dos pequenos durante o dia. O Conjunto Dog é composto por duas peças : uma camiseta branca confeccionada em malha com silk de cachorrinho e uma bermudinha de viscose, com elástico no cós de cor azul. Ambas as peças possuem toque macio e aconchegante a pele dos bebês.""",https://www.alphabeto.com/conjunto-dog--55147/p,11-04-2022
Bermuda Básica Bicolor,"47,97",BERMUDA EM MALHA 89% ALGODÃO E 11% POLIÉSTER,Criança - 1 a 10 Anos,Bermudas e Shorts,Meninos,"""Bermuda de malha, com elástico no cós e botões. Ótimo para passeios e brincadeiras com os amigos! A peça está disponível em duas cores: vermelho e cinza. A Bermuda Básica Bicolor é confeccionada em malha 89% algodão e possui elástico no cós, o que assegura conforto e liberdade aos meninos enquanto brincam e se divertem. Além disso, a bermudinha possui gancho deslocado e detalhe de botões frontais na peça. A peça é super versátil e combina muito bem com camisetas e regatas.""",https://www.alphabeto.com/bermuda-basica-bicolor-55135/p,11-04-2022
Chapéu Uv Moda Praia,"65,97",CHAPÉU UV EM LYCRA 90% POLIÉSTER E 10% ELASTANO,Criança - 1 a 10 Anos,"Moda Praia (Sunga P-M-G e GG, Blusa UV PP ao GG)",Meninos,"""Chapéu com proteção UV, confeccionado em lycra azul. O acessório é ideal para proteger os pequenos do sol enquanto se divertem na praia e na piscina. O Chapéu UV é um ótimo complemento para os passeios de praia dos pequeninos. A peça possui abas frontais e posteriores que protegem a testa e nuca, contra os raios solares. Além disso, é confeccionada em lycra e possui ajustes nas laterais, que garantem o conforto das crianças enquanto usam o acessório.""",https://www.alphabeto.com/chapeu-uv-moda-praia-55161/p,11-04-2022
Sunga Moda Praia,"47,97",SUNGA EM LYCRA 90% POLIÉSTER E 10% ELASTANO,Criança - 1 a 10 Anos,"Moda Praia (Sunga P-M-G e GG, Blusa UV PP ao GG)",Meninos,"""Sunga para bebês e crianças, confeccionada em lycra, com estampa colorida. Perfeita para os pequenos aproveitarem dias de sol na praia e na piscina! A Sunga Dinossauros Listrados chegou para garantir estilo na hora de ir à praia ou na piscina! A peça possui modelagem boxer e é confeccionada em lycra com elastano, o que garante o conforto dos pequenos. A sunga também possui estampa colorida, super divertida e elástico no cós. Além de acompanhar embalagem exclusiva para guardar a peça!""",https://www.alphabeto.com/sunga-moda-praia-55164/p,11-04-2022
Sunga Moda Praia,"53,97",SUNGA EM LYCRA 90% POLIÉSTER E 10% ELASTANO,Criança - 1 a 10 Anos,"Moda Praia (Sunga P-M-G e GG, Blusa UV PP ao GG)",Meninos,"“Sunga para bebês e crianças, modelagem boxer, com estampa de tubarão, confeccionada em lycra com elastano, o que garante o conforto dos pequenos. A Sunga Tubarão Divertido chegou para garantir estilo na hora de ir à praia ou piscina! Além disso, a sunga possui detalhe de barbatana na lateral e acompanha embalagem exclusiva para guardar a peça!""",https://www.alphabeto.com/sunga-moda-praia-55165/p,11-04-2022
Macacão Jacarezinho,"69,95",MACACÃO EM 1/2 MALHA 100% ALGODÃO,Bebês - 0 a 12 Meses,"Macacão, Pimpão, Jardineira e Macaquinho",Meninos,"""Macacão para bebês, vermelho com estampa azul. Confeccionado em meia malha, perfeito para dias mais quentes do inverno! O Macacão Jacarezinho é uma fofura! A peça é confeccionada em malha vermelha 100% algodão e possui estampa localizada de jacaré em silk. O macacãozinho também possui abotoamento entrepernas e nas alcinhas, garantindo conforto e praticidade na hora de vestir os pequenos.""",https://www.alphabeto.com/macacao-jacarezinho-55407/p,11-04-2022
Conjunto Robozinho,"119,95",CAMISETA EM MALHA 98% ALG.E 2% ELASTANO E BERMUDA EM TECIDO 100% POLIÉSTER,Criança - 1 a 10 Anos,Jardineira e Macacão,Meninos,"""Conjunto de camiseta de malha e bermuda de poliéster colorida. Ideal para o dia a dia dos pequenos! Composto por um short de poliéster com listras coloridas, com elástico na cintura e uma camiseta de malha cinza com estampa de robô, o Conjunto Robozinho chegou para alegrar o guarda-roupa dos pequenos. O conjuntinho é perfeito para passeios e brincadeiras com os amigos!""",https://www.alphabeto.com/conjunto-robozinho-55295/p,11-04-2022
Jardineira Dinos,"99,95",JARDINEIRA EM 1/2 MALHA 100% ALGODÃO,Bebês - 0 a 12 Meses,Conjuntos e Kits,Meninos,"""Jardineira confeccionada em malha, para bebês recém nascidos, na cor azul. Ideal para passeios ao ar livre e dias fresquinhos. As jardineiras são ótimas peças para dias mais fresquinhos, já que podem ser facilmente combinadas com bodies de maga longa e casaquinhos. Além, disso, são extremante confortáveis e garantem a liberdade do bebê durante o dia. Por ser peça única, as jardineiras são práticas e ficam ótimas em qualquer ocasião. A Jardineira Dinos é confeccionada em malha 100% algodão e possui lindos detalhes de dinossauros no busto e no decote. Além de abotoamento entrepernas e nas alcinhas, o que facilita a vestimenta dos pequeninos.""",https://www.alphabeto.com/jardineira-dinos-55404/p,11-04-2022
Sunga Moda Praia Bichinhos Legais,"89,95",SUNGA EM LYCRA 90% POLIÉSTER E 10% ELASTANO,Criança - 1 a 10 Anos,"Moda Praia (Sunga P-M-G e GG, Blusa UV PP ao GG)",Meninos,"""Sunga estampada colorida, confeccionada em lycra. Ideal para piscinas e praias! A Sunga Bichinhos Legais é perfeita para dias de sol e brincadeiras na praia. Ideal para tornar o banho de mar e piscina dos pequenos ainda mais divertidos. A peça possui modelagem boxer, com estampa de robô, em tons de azul, super fofa e elástico no cós. Além disso, a sunga acompanha embalagem exclusiva e super prática para guardar a peça!""",https://www.alphabeto.com/sunga-moda-praia-bichinhos-legais-55432/p,11-04-2022
Macacão Brinquedo Fofo,"119,95",MACACÃO EM 1/2 MALHA 100% ALGODÃO,Unissex,"Macacão, Pimpão, Macaquinho",Meninos,"""Macacão para recém nascidos, unissex. Confeccionado em malha 100% algodão e estampa colorida. CHEIO DE CHARME E COR, O MACACÃO BRINQUEDO FOFO É MUITO LINDO! PERFEITO PARA BEBÊS RECÉM NASCIDOS. COM ESTAMPA DELICADA E COLORIDA SE TORNA PERFEITO TANTO PARA MENINOS QUANTO PARA MENINAS. ALÉM DE SUAS MANGAS LONGAS, A PEÇA POSSUI ABOTOAMENTO TRANSVERSAL E ENTRE PERNAS, GARANTE O CONFORTO DA PEÇA.""",https://www.alphabeto.com/macacao-brinquedo-fofo-55396/p,11-04-2022
Camiseta M/c Brincadeira Arqueológica,"69,95",CAMISETA EM MALHA 50% ALGODÃO E 50% POLIÉSTER,Criança - 1 a 10 Anos,L,Meninos,"""Camiseta de meia manga com estampa. Confeccionada em malha, ideal para finais de semana com a família e brincadeiras com os amiguinhos! A Camiseta Brincadeira Arqueológica é uma fofura! A peça é confeccionada em malha cinza, com estampa divertida de dinossauros em alto relevo. Além disso, a peça conta com detalhe de bolsinho amarelo no busto, super estiloso. A camiseta é alegre e fica ótima quando combinada com calças e bermuda de todas as cores!""",https://www.alphabeto.com/camiseta-m-c-brincadeira-arqueologica-55300/p,11-04-2022
Camiseta M/c Tiger,"79,95",CAMISETA EM MALHA 95% ALGODÃO E 5% POLIÉSTER,Criança - 1 a 10 Anos,L,Meninos,"""Camiseta preta texturizado e botões. Confeccionada em malha, ideal para o dia a dia dos pequenos! A Camiseta Tiger é a peça perfeita para idas ao shopping e passeios com a família. Confeccionada em malha preta texturizada e decote azul, com botões de metal, ela chama atenção por onde passa. Além disso, a camiseta possui detalhe de tigre bordado e bolsinho no canto esquerdo da peça. Sendo ótima para diversas composições e looks diferentes!""",https://www.alphabeto.com/camiseta-m-c-tiger-55306/p,11-04-2022
Conjunto Carrinhos Amarelos,"79,95",CAMISETA EM 1/2 MALHA 100% ALGODÃO E BERMUDA EM MALHA 88% ALGODÃO E 12% POLIÉSTER,Bebês - 0 a 12 Meses,Conjuntos e Kits,Meninos,"""Conjunto de camiseta e bermuda, cinza e amarelo, confeccionado em malha, 100% algodão. O Conjunto Carrinhos Amarelos é perfeito para os dias fresquinhos e passeios com a família. O conjunto é composto por uma bermudinha de malha cinza, com elástico no cós e uma camiseta de meia manga de malha amarela, com estampa de carrinhos coloridos. Super confortável e divertido!""",https://www.alphabeto.com/conjunto-carrinhos-amarelos-55406/p,11-04-2022
Bermuda Tiger,"109,95",BERMUDA EM MOLETINHO 100% ALGODÃO,Criança - 1 a 10 Anos,Bermudas e Shorts,Meninos,"""Bermuda listrada, confeccionada em moletinho. Perfeita para o dia a dia dos meninos! A bermuda é confeccionada em moletinho, 100% algodão, quentinho e confortável. A bermudinha conta também com bolsos frontais e elástico na cintura. Além disso, a peça possui detalhes emborrachados na lateral e cadarço na cintura, permitindo ajuste do cós.""",https://www.alphabeto.com/bermuda-tiger-55308/p,11-04-2022
Camiseta M/c Tiger,"69,95",CAMISETA EM MALHA 50% ALGODÃO E 50% POLIÉSTER,Criança - 1 a 10 Anos,L,Meninos,"""Camiseta azul, com bordado. Confeccionado em malha, ideal para usar com calças e bermudas! A Camiseta Tiger é a opção perfeita para idas ao parquinho e passeios no shopping! A peça possui meia manga e confecção em malha azul, garantindo o conforto dos pequenos. Além de ter uma linda estampa bordada de tigre e detalhe em alto relevo. A camiseta é uma ótima dica de presente também!""",https://www.alphabeto.com/camiseta-m-c-tiger-55307/p,11-04-2022
Conjunto Infantil Menino Amiguinhos Azuis - Tam. 1 a 10 anos - Azul,"109,95",CAMISETA EM 1/2 MALHA 100% ALGODÃO E BERMUDA EM TECIDO 100% POLIÉSTER,Criança - 1 a 10 Anos,Jardineira e Macacão,Meninos,"Conjunto infantil de bermuda e camiseta ""Amiguinhos Azuis"" para meninos de 1 a 10 anos. Com bermuda infantil confeccionada em tecido 100% poliéster e camiseta em 1/2 malha 100% algodão. Ideal para o dia a dia dos pequenos! O Conjunto infantil ""Amiguinhos Azuis"" é perfeito para os dias mais fresquinhos e passeios com a família. Composto por uma bermudinha infantil de poliéster, estampada em listras azuis com elástico na cintura, e uma camiseta de meia manga de malha azul, com estampa de bichinhos em silk.",https://www.alphabeto.com/conjunto-amiguinhos-55274/p,11-04-2022
Camiseta Infantil Menino Dino Divertido - Tam. 1 a 10 anos - Vermelho /Azul,"49,95",CAMISETA EM 1/2 MALHA 100% ALGODÃO,Criança - 1 a 10 Anos,L,Meninos,"Camiseta infantil vermelha/azul ""Dino Divertido"" para meninos de 1 a 10 anos, confeccionada em malha 100% algodão. Ótima para passeios e brincadeiras! A Camiseta infantil Dino Divertido é a peça perfeita para o dia a dia dos pequenos. Com confecção em malha, 100% algodão e estampa localizada de dinossauro, ela chama atenção por onde passa. Sendo ótima para diversas composições e looks diferentes! A peça está disponível em duas cores: vermelho e azul.",https://www.alphabeto.com/camiseta-dino-divertido-55276/p,11-04-2022
Casaco Infantil Menino Camping Divertido – Tam.1 a 10 anos – Cinza,"189,95",CASACO MATELASSÊ 38% ALGODÃO E 62% POLIÉSTER,Criança - 1 a 10 Anos,"Casacos, Jaquetas e Blazers",Meninos,"""Casaco matelassê cinza. Confeccionado em algodão, perfeito para dias mais frios! O Casaco Camping Divertido é confeccionado em matelassê cinza, quentinho e confortável. Além de manter os pequenos aquecidos, a peça é super estilosa e dá um charme nos looks dos pequenos. O casaco possui detalhe bordado de raposinha e abotoamento frontal, com botões de pressão. A peça também conta com barra e punhos em malha colorida listrada, uma fofura!""",https://www.alphabeto.com/casaco-camping-divertido-55288/p,11-04-2022
Body Infantil Menino Carro de Corrida – Tam. 3 a 12 meses – Azul,"59,95",BODY EM 1/2 MALHA 100% ALGODÃO,Bebês - 0 a 12 Meses,Bodies,Meninos,"Body infantil azul estampa “Meu Carro Vroom” para bebês meninos de 3 a 12 meses, confeccionado em ½ malha 100% algodão. Gostosinho de vestir! Muito prático e fofo, o body infantil “Meu Carro Vroom” possui manguinha curta e estampa de carro com detalhe de ursinho em alto relevo. A peça também conta com abotoamento entrepernas, facilitando o momento de vestir o bebê. Com confecção em 100% algodão, este body infantil, além de leve e fresquinho, também oferece toque macio e agradável, sendo ideal para o conforto dos pequeninos. Uma opção fofa e fresquinha para o dia a dia!",https://www.alphabeto.com/body-m-c-carro-de-corrida-55420/p,11-04-2022
Calça Jeans Infantil Menino Carro de Corrida – Tam.3 a 12 meses – Azul,"129,95",CALÇA JEANS 33% ALGODÃO E 67% VISCOSE,Bebês - 0 a 12 Meses,Calças,Meninos,"Calça jeans infantil “Carro de Corrida” para meninos de 3 a 12 meses, confeccionada em 33% algodão e 67% viscose. A calça jeans infantil “Carro de Corrida” possui lavagem clara, tecido molinho e superconfortável para os bebês. A peça também conta com elástico azul no cós e amarração em cadarço, garantindo maior segurança e ajuste ao corpinho. Por ser em jeans, esta calça infantil é muito versátil e atemporal, podendo ser combinada com diferentes estilos de parte de cima. Seu bebê moderninho e despojado!",https://www.alphabeto.com/calca-carro-de-corrida-55421/p,11-04-2022
Sunga Infantil Estampa Carro de Corrida – Tam.6 meses a 10 anos – Vermelho,"89,95","6 a 12 meses, SUNGA EM LYCRA 90% POLIÉSTER E 10% ELASTANO",Criança - 1 a 10 Anos,"Moda Praia (Sunga P-M-G e GG, Blusa UV PP ao GG)",Meninos,"Sunga infantil vermelha estampa “Carro de Corrida” para meninos de 6 meses a 10 anos, confeccionada em lycra 90% poliéster e 10% elastano. Perfeita para dias de sol e muita diversão! A sunga infantil “Carro de Corrida” possui modelagem boxer com estampa de carrinhos de corrida coloridos e elástico no cós, proporcionado conforto e ajuste perfeito ao corpinho dos meninos. Além disso, vem acompanhada de embalagem exclusiva e superprática para guardar a peça. Seu pequeno com muito estilo, seja na praia ou não piscina. Uma graça!",https://www.alphabeto.com/sunga-moda-praia-carrinhos-vermelhos-55428/p,11-04-2022
Camiseta Infantil Menino Now – Tam.10 a 16 anos – Azul,"79,95",CAMISETA MALHA 50% ALGODÃO E 50% POLIÉSTER,Miniteen - 10 a 14 Anos,L,Meninos,"Camiseta infantil azul estampa “Now” para meninos de 10 a 16 anos, confeccionada em malha 50% algodão e 50% poliéster. Versátil e confortável, a camiseta infantil “Now” possui manga curta, gola redonda, modelagem reta e estampa localizada. Esta camiseta infantil é uma ótima opção para passeios com a família e amigos, que pode ser combinada com diferentes tipos de parte de baixo. Estilo e praticidade que não podem faltar no guarda-roupa dos meninos!",https://www.alphabeto.com/camiseta-m-c-now-55355/p,11-04-2022
Body Infantil Menino Estampa Camping Bichinho – Tam. 3 a 12 meses – Branco,"69,95",BODY EM 1/2 MALHA 100% ALGODÃO,Bebês - 0 a 12 Meses,Bodies,Meninos,"Body infantil branco estampa “Camping Bichinho” para bebês meninos de 3 a 12 meses, confeccionado em meia malha 100% algodão. Com estampa fofinha de raposinhas, o body infantil “Camping Divertido” possui manguinha curta e abotoamento entrepernas, que facilita o momento de vestir o bebê. Além disso, sua confecção em malha 100 % algodão é superconfortável e macia ao toque dos bebês, o que garante a proteção e o aconchego dos pequenos durante o dia todo. Uma opção leve e fresquinha para o dia a dia dos pequenos príncipes!",https://www.alphabeto.com/body-m-c-camping-bichinho-55424/p,11-04-2022
Calça Infantil Menino Camping Bichinho – Tam.3 a 12 meses – Cinza,"79,95",CALÇA EM MATELASSÊ 38% ALGODÃO E 62% POLIÉSTER,Bebês - 0 a 12 Meses,Calças,Meninos,"Calça infantil cinza “Camping Bichinho” para bebês de 3 a 12 meses, confeccionada em matelassê 38% algodão e 62% poliéster. Perfeita para dias de inverno! Quentinha e confortável, a calça infantil “Camping Bichinho possui modelagem mais justinha com elástico no cós e na barra. A peça também possui lindos detalhes bordados. Com confecção em matelassê, esta calça infantil proporciona toque macio e conforto para os pequenos príncipes se movimentarem. Gostosinho de vestir!",https://www.alphabeto.com/calca-camping-bichinho-55425/p,11-04-2022
Bermuda em Sarja Infantil Menino Bolsinhos – Tam.10 a 16 anos,"119,95",BERMUDA EM SARJA 70% ALG. E 30% POLIÉSTER E DETALHES EM MOLETINHO 80% ALG. E 20% POLIÉSTER,Miniteen - 10 a 14 Anos,Bermudas e Shorts Praia,Meninos,"""Bermuda confeccionada em sarja azul. Ideal para festinhas e passeios com os amigos! A Bermuda Bolsinhos era a peça que faltava no guarda-roupa dos meninos! Além de linda, a bermuda é super versátil e combina com diversas outras peças de roupa também. É confeccionada em sarja e possui cós de malha cinza, com elástico. Além disso, a peça conta com bolsinho frontal, dando um toque a mais de estilo à peça!""",https://www.alphabeto.com/bermuda-avulso-55621/p,11-04-2022
Camiseta Infantil Menino Adventure – Tam. 10 a 16 anos – Cinza,"79,95",CAMISETA EM MALHA 50% ALGODÃO E 50% POLIÉSTER,Miniteen - 10 a 14 Anos,L,Meninos,"""Camiseta cinza com estampa localizada. Confeccionada em malha, super versátil! Básica e divertida a Camiseta Adventure é uma ótima opção para passeios com os amigos e finais de semana com a família! Confeccionada em malha na cor cinza, a camiseta é fresquinha e confortável. Sua estampa localizada de carro é o diferencial da peça!""",https://www.alphabeto.com/camiseta-m-c-avulso-55616/p,11-04-2022
Camiseta Infantil Menino Pirate Game – Tam.1 a 10 anos – Azul,"69,95",CAMISETA EM MALHA 50% ALGODÃO E 50% POLIÉSTER,Criança - 1 a 10 Anos,L,Meninos,"""Camiseta azul confeccionada em malha, com estampa localizada. Ideal para passeios e brincadeiras com os amigos! A Camiseta Pirate Game chegou para alegrar todos os pequenos! Confeccionada em malha azul, com estampa de piratas, a peça é super básica e versátil. A camiseta é perfeita para o dia a dia, além disso, ela possui meia manga e detalhe emborrachado, uma fofura!""",https://www.alphabeto.com/camiseta-m-c-pirate-game-55456/p,11-04-2022
Camiseta Infantil Menino Pirate Game – Tam.1 a 10 anos – Vermelho,"69,95",CAMISETA EM MALHA 50% ALGODÃO E 50% POLIÉSTER,Criança - 1 a 10 Anos,L,Meninos,"""Camiseta vermelha confeccionada em malha, com estampa localizada. Ideal para passeios e brincadeiras com os amigos! A Camiseta Pirate Game chegou para alegrar todos os pequenos! Confeccionada em malha vermelha, com estampa de piratas, a peça é super básica e versátil. A camiseta é perfeita para o dia a dia, além disso, ela possui meia manga e detalhe de bolsinho, com detalhe emborrachado, uma fofura!""",https://www.alphabeto.com/camiseta-m-c-pirate-game-55455/p,11-04-2022
Camiseta Infantil Menino Pirate Game – Tam.1 a 10 anos – Cinza,"89,95",CAMISETA EM CAMISETA EM 1/2 MALHA 88% ALGODÃO E 12% POLIÉSTER E MANGAS EM MALHA 95% ALG. E 5% POLIÉSTER,Miniteen - 10 a 14 Anos,L,Meninos,"""Camiseta de manga longa cinza e preta, com estampa localizada. Confeccionado em malha, ideal para dias mais frios! A Camiseta Pirate Game é confeccionada em malha, com manguinhas longas pretas e decote redondo. A peça é quentinha e confortável, ótima para o inverno, além disso, a camiseta possui estampa localizada de pirata, com detalhes em alto-relevo. A camisetinha fica linda com calças e casaquinhos!""",https://www.alphabeto.com/camiseta-m-l-pirate-game-55457/p,11-04-2022
Calça Infantil Menino Elefantinho – Tam. 3 a 12 meses – Azul,"79,95",CALÇA EM MOLETINHO 98% ALGODÃO E 2% POLIÉSTER,Bebês - 0 a 12 Meses,Calças,Meninos,"""Calça azul para bebês, confeccionada em moletinho. Perfeita para dias de inverno! A Calça Elefantinho é uma fofura! A calça é confeccionada em moletinho azul, com elástico no cós e lindos detalhes de elefantinho bordados na frente, além de ficar linda com bodies e casaquinhos. A peça é super aconchegante e quentinha para dias frios.""",https://www.alphabeto.com/calca-elefantinho-55476/p,11-04-2022
Casaco Infantil Menino Animais – Tam.1 a 10 anos – Azul,"229,95","CASACO COM FRENTE E COSTAS EM TECIDO 100% POLIÉSTER, MANGAS E CAPUZ EM MALHA 34% ALG. E 66% POLIÉSTER",Criança - 1 a 10 Anos,"Casacos, Jaquetas e Blazers",Meninos,"""Casaco azul com capuz, confeccionado em tecido sintético. Perfeito para dias chuvosos! O Casaco Animais é confeccionado em tecido 100% poliéster azul, com acabamento impermeável, ideal para dias frios e chuvosos. A peça é confortável, bem fofinha e quentinha para agasalhar os pequenos. Além disso, o casaco possui zíper caramelo, com manguinhas e capuz de malha.""",https://www.alphabeto.com/casaco-animais-55599/p,11-04-2022
,,,,,,,https://www.alphabeto.com/casaco-elefantinho-55475/p,11-04-2022
Conjunto Infantil Menino Robô Yellow – Tam.1 a 10 anos,"109,95",CAMISETA EM 1/2 MALHA 100% ALGODÃO E BERMUDA EM MALHA 84% ALGODÃO E 16% POLIÉSTER,Criança - 1 a 10 Anos,Jardineira e Macacão,Meninos,"""Conjunto de bermuda e camiseta, confeccionado em malha. Ideal para o dia a dia das meninos! Composto por um short de malha cinza, com elástico na cintura e uma camiseta de malha com estampa de robô, o Conjunto Robô Yellow chegou para alegrar o guarda-roupa dos pequenos. O conjuntinho é confortável e perfeito para passeios e brincadeiras com os amigos!""",https://www.alphabeto.com/conjunto-avulso-55451/p,11-04-2022
Calça Infantil Menino Animais – Tam.1 a 10 anos – Azul,"129,95",CALÇA EM CALÇA EM MALHA 50% ALGODÃO E 50% POLIÉSTER E DETALHE EM TECIDO 100% POLIÉSTER,Criança - 1 a 10 Anos,Calças,Meninos,"""Calça azul, confeccionado em tecido plano. A peça é ideal para dias mais frios! A Calça Animais é confeccionada em tecido 50% malha e 50% poliéster azul claro. A peça possui cós, com cadarço com ponteira e elástico. A calça também possui bolsinhos frontais que dão um toque super estiloso na peça.""",https://www.alphabeto.com/calca-animais-55469/p,11-04-2022
Calça Carros,"59,97",CALÇA EM SARJA 98% ALGODÃO E 2% ELASTANO.,Meninos,Meninos,OFF,"Calça estilosa para meninos brincarem e ficaram super confortáveis, com silk imitando bordado nos joelhos.",https://www.alphabeto.com/calca-carros-51994/p,11-04-2022
Pimpão,,,Bebês - 0 a 12 Meses,"Macacão, Pimpão, Jardineira e Macaquinho",Meninos,Pimpão com estampa sublimada e abotoamento entrepernas.,https://www.alphabeto.com/pimpao--53360/p,11-04-2022
Casaco Elefantinho de Lambreta,"59,97",,Criança - 1 a 10 Anos,"Casacos, Jaquetas e Blazers",Meninos,"Casaco quentinho e confortável com zíper no corp, capuz e detalhes bordados.",https://www.alphabeto.com/casaco-elefantinho-de-lambreta-53374/p,11-04-2022
Camiseta M/l Avulso,,,Criança - 1 a 10 Anos,L,Meninos,Camiseta M/l Avulso,https://www.alphabeto.com/camiseta-m-l-avulso-55581/p,11-04-2022
Bermuda,,,Criança - 1 a 10 Anos,Bermudas e Shorts,Meninos,Conforto e estilo para os pequenos!,https://www.alphabeto.com/bermuda-53436/p,11-04-2022
Casaco,,,Criança - 1 a 10 Anos,"Casacos, Jaquetas e Blazers",Meninos,Casaco com detalhe de carrinhos e mangas de outra cor.,https://www.alphabeto.com/casaco-53440/p,11-04-2022
Polo,,,Criança - 1 a 10 Anos,Camisas Polo,Meninos,Para compor um look arrumadinho e confortável.,https://www.alphabeto.com/polo-53441/p,11-04-2022
Camiseta M/c,,,Criança - 1 a 10 Anos,L,Meninos,Para deixar o look arrumadinho e confortável!,https://www.alphabeto.com/camiseta-m-c-53453/p,11-04-2022
Camiseta M/c,,,Criança - 1 a 10 Anos,L,Meninos,Roar! Camiseta com silk de dino.,https://www.alphabeto.com/camiseta-m-c-53443/p,11-04-2022
Camiseta M/c,,,Criança - 1 a 10 Anos,L,Meninos,Camiseta de tubarões.,https://www.alphabeto.com/camiseta-53444/p,11-04-2022
Camiseta M/c,,,Miniteen - 10 a 14 Anos,L,Meninos,Camiseta com estampa de carros que a garotada adora!,https://www.alphabeto.com/camiseta-m-c--53270/p,11-04-2022
Camiseta M/c,,,Meninos,Meninos,OFF,Camiseta moderna em 100% algodão para a garotada.,https://www.alphabeto.com/camiseta-m-c--53269/p,11-04-2022
Bermuda,,,Meninos,Meninos,OFF,"Bermuda para os dias mais frescos e que precisam de mais conforto, com detlahe em degrade para deixar o look mais moderninho.",https://www.alphabeto.com/bermuda--53274/p,11-04-2022
Camiseta M/c,,,Criança - 1 a 10 Anos,L,Meninos,Camiseta em duas opções de cores com estampa de bichinhos no corpo.,https://www.alphabeto.com/camiseta-m-c--53366/p,11-04-2022
Calca Dinos e Carros,,,Criança - 1 a 10 Anos,Calças,Meninos,Calca Dinos e Carros,https://www.alphabeto.com/calca-dinos-e-carros-55578/p,11-04-2022
,,,,,,,https://www.alphabeto.com/camiseta-m-c--53365/p,11-04-2022
Casaco Dinos e Carros,,,Criança - 1 a 10 Anos,"Casacos, Jaquetas e Blazers",Meninos,Casaco Dinos e Carros,https://www.alphabeto.com/casaco-dinos-e-carros-55576/p,11-04-2022
Casaco Meu Cavalinho Campeao,,,Criança - 1 a 10 Anos,"Casacos, Jaquetas e Blazers",Meninos,Casaco Meu Cavalinho Campeao,https://www.alphabeto.com/casaco-meu-cavalinho-campeao-55466/p,11-04-2022
Camiseta M/c Skate e Legal Demais,"29,97",,Criança - 1 a 10 Anos,L,Meninos,Essa gatinho não solta o skate por nada! Camiseta com estampa de que interage frente e costas.,https://www.alphabeto.com/camiseta-m-c-skate-e-legal-demais-53380/p,11-04-2022
Casaco Escalando Montanhas,"71,98",Casaco em jeans 100% algodão e 1/2 malha 100% algodão.,Meninos,Meninos,OFF,"Casaco jeans com mangas e capuz em malha, aplicação de botões de pressão no corpo e bordado com enchimento nas costas.",https://www.alphabeto.com/casaco-escalando-montanhas-51793/p,11-04-2022
,,,,,,,https://www.alphabeto.com/casaco-dinos-e-carros-55577/p,11-04-2022
Bermuda Skate e Legal Demais,"49,97",,Criança - 1 a 10 Anos,Bermudas e Shorts,Meninos,Bermuda estampada com mini skates coloridos e bolso nas laterais.,https://www.alphabeto.com/bermuda-skate-e-legal-demais-53381/p,11-04-2022
Camiseta M/c Skate e Legal Demais,"29,97",,Criança - 1 a 10 Anos,L,Meninos,Camiseta super moderna com detalhe de gatinho bordado com as patinhas soltas na barra da blusa.,https://www.alphabeto.com/camiseta-m-c-skate-e-legal-demais-53379/p,11-04-2022
Bermuda Skate e Legal Demais,"44,97",,Criança - 1 a 10 Anos,Bermudas e Shorts,Meninos,Bermuda lisa com detalhe de mini skates bordados nas laterais.,https://www.alphabeto.com/bermuda-skate-e-legal-demais-53382/p,11-04-2022
Casaco Carros,"64,97",CASACO EM MOLETINHO E 1/2 MALHA 100% ALGODÃO.,Meninos,Meninos,OFF,Casaco 100% algodão para proteger e aquecer os meninos em todoso os momentos!,https://www.alphabeto.com/casaco-carros-51992/p,11-04-2022
Casaco Elefantinho de Lambreta,"59,97",,Bebês - 0 a 12 Meses,Casacos e Jaquetas,Meninos,"Casaquinho fofo para a garotada brincar e ficar protegido do frio, com ziper no corpinho, capuz e mangas diferenciadas.",https://www.alphabeto.com/casaco-elefantinho-de-lambreta-53364/p,11-04-2022
Casaco Skate Monster,"64,97",CASACO EM MOLETINHO E  MALHA 100% ALGODÃO.,Meninos,Meninos,OFF,"Casaco fofinho e quentinho, para meninos que gostam de brincar muito. Com capuz, ziper no corpo, bordado e detalhes animados.",https://www.alphabeto.com/casaco-skate-monster-51987/p,11-04-2022
Calça Acampamento Safari,"59,97",CALÇA EM SARJA 100% ALGODÃO,Meninos,Meninos,OFF,"Calça em sarja com detalhes de cordinhas na cintura, abertura em zíper e botão e 100% algodão.",https://www.alphabeto.com/calca-acampamento-safari-54210/p,11-04-2022
Casaco Acampamento Safari,"44,97",CASACO EM MOLETINHO 100% ALGODÃO https//vimeo.com/562791804,Meninos,Meninos,OFF,Casaco quentinho com detalhes bordados e interativos. Decote e punhos diferenciados.,https://www.alphabeto.com/casaco-acampamento-safari-54211/p,11-04-2022
Casaco Dino Curioso,"74,97",CASACO EM SARJA 98% POLIÉSTER E 2% ELASTANO https//vimeo.com/562791148,Meninos,Meninos,OFF,"Casaco quentinho e moderno, 100% algodão, com mangas macias e corpo em sarja, um ótimo presente para a garotada.",https://www.alphabeto.com/casaco-dino-curioso-54205/p,11-04-2022
